CC2(C)C1CCC(C)(C1)C2=O,-2.67068857438,-0.186728881126:-0.193452080505:-0.205134898689:-0.120974255263:-0.263584193394:-0.355785945611:-0.403974958298:-0.287066621439:-0.31515364022:-0.308575584003:-0.27648108644:-0.10311390826:-0.144969237455:-0.157925658928:0.00830598969066:-0.0621906887126:0.022560464861:0.0485704598707:0.0405252935616:0.0625365697289:0.116334260383:0.415590025865
O=C(Nc1ccccc1)Nc2ccccc2,-3.5834382019,0.244969756968:-0.0815878141703:-0.0912082267985:0.0202931336198:0.0695129386717:-0.248061255693:-0.131935903934:-0.138230072734:-0.193346518366:-0.244474112151:-0.300892190259:-0.378879386998:-0.275269144807:-0.172924754996:-0.00324557161797:-0.279699313051:-0.238197249306:-0.122599180064:-0.128683532115:-0.149921972975:-0.194517884155:-0.269579202347:-0.274960744623
CCOC(=O)c1ccccc1,-1.51382787306,-0.161455426293:-0.144235077159:0.236459335288:-0.0659608858418:-0.0690611861007:-0.121245401489:0.184828938188:-0.14206350568:-0.213588866454:-0.087820584452:-0.0612511380362:-0.0979559319276:-0.132613195772:-0.179407789509:-0.262950470913:-0.195506686905
CCCCCCCCBr,-4.70038857532,-0.334579282731:-0.430004723351:-0.498866593253:-0.544121248697:-0.559944206877:-0.540987976097:-0.493385661386:-0.461290154219:-0.426474769684:-0.410733959031
CCC1(C(=O)NCNC1=O)c2ccccc2,-1.69565365827,-0.297424979947:-0.28406504375:-0.262769972135:-0.111799961395:0.111755031392:0.0391937635862:0.0903237423342:0.0610590899478:0.334222896635:0.00666061582576:0.108953330533:-0.0957803913936:0.092668709439:-0.149907022184:-0.0757738570885:-0.0176607618853:0.285110871876:-0.071969361999:-0.180202485698:-0.170241715552:-0.0930696246422:-0.115297243549:-0.145432198521:-0.195429633556:-0.274233996326:-0.284543460214
CCN(Cc1c(F)cccc1Cl)c2c(cc(cc2N(=O)=O)C(F)(F)F)N(=O)=O,-5.73321568395,-0.239138415168:-0.177191173949:0.0222931494544:-0.165490465577:-0.214707307149:-0.224932056544:-0.114862768999:-0.136861163516:-0.0943535718059:-0.175080991399:-0.0674074359867:-0.076713758336:-0.145593322022:-0.257281754804:-0.412921963327:-0.396497640658:-0.356457889258:-0.227389462583:-0.270865135617:-0.315009296597:-0.297885189011:-0.249252904436:-0.115499708429:-0.214005530474:-0.263118264281:-0.121350478494:-0.204960885484:-0.266482246048:-0.219490766956:0.0692312795378:-0.000881702552608:-0.00386516874303:0.297570612889:-0.0270355406933:-0.0760377396111:0.184839808102:-0.114456716438:-0.139830099396:-0.0539917296723:-0.147582838662:-0.120249685044:-0.0634924336586:-0.17227129855:-0.16689599531:-0.180496022137:-0.0291156389542:0.134088377058:0.0619283444496:0.0556008558773:0.360840233989:0.0771848364031:0.0302819528456:0.289929021774
CCCOC(=O)CCC,-0.766825492177,-0.179087313605:-0.149665742662:-0.0798519647181:0.365418992889:0.0775711860542:0.0619083958978:-0.0234369253035:0.185351820476:-0.238125429967:-0.309337896538:-0.265730191793:-0.211840422907
CCc1cccc2ccccc12,-3.98458858967,-0.323172644956:-0.288710445342:-0.311641499449:-0.196866453004:-0.229564016239:-0.311081116791:-0.370794748268:-0.402740753516:-0.295026989431:-0.168424390788:-0.159202813094:-0.162492487766:-0.188400947445:-0.260877469855:-0.192879434684:-0.122712379041
CCCCC(=O)OCC,-0.998809623173,-0.354110210148:-0.344904075633:-0.284885773879:-0.19118476702:-0.112253899745:0.0207023336506:0.0219875814996:0.334738827566:-0.0597065479817:0.187492158341:-0.106926121316:-0.109759128507
CCN(CC(C)=C)c1c(cc(cc1N(=O)=O)C(F)(F)F)N(=O)=O,-4.63226009756,-0.15876187282:-0.114725023217:0.0422316774187:-0.221249680856:-0.335869598742:-0.341660547623:-0.227012959128:-0.330876267987:-0.408400716855:-0.369357261337:-0.33847698139:-0.325486276427:-0.325784130669:-0.196228392984:-0.175604428969:-0.0338762328825:-0.144762788713:-0.193401925989:-0.046971459535:-0.129475017703:-0.203684062812:-0.0816722927901:0.179237678388:0.0614393809487:0.0249367271044:0.292161886537:-0.0297617111138:-0.0906494447461:0.146757621496:-0.143608250306:-0.165957828561:-0.0833017148102:-0.177435763503:-0.148916715968:-0.0946469303896:-0.200212226831:-0.191376986084:-0.204404529535:-0.0497368271743:0.114144072455:0.0437107737055:0.0400044230909:0.343567550363:0.0647813732912:0.0194583267698:0.278655259323
C1CCCCC1,-2.23690206577,-0.208571700051:-0.202729141639:-0.306165884749:-0.361761984006:-0.362851511002:-0.327975540295:-0.301311443548:-0.165534860479
c2ccc1NCCc1c2,-2.06383693143,-0.125193958809:-0.136304356039:-0.086065136641:-0.178487862861:-0.299410082348:-0.239036530812:-0.015252633733:-0.224307818958:-0.147628266204:-0.159750007205:-0.0839036438763:-0.142802570385:-0.22569406356
CCC1(C(=O)NC(=O)NC1=O)c2ccccc2,-1.98394742009,-0.358352786982:-0.363458891894:-0.363481245192:-0.234343495076:-0.0273218554886:-0.118579144387:-0.0556849199347:-0.0721115892066:0.236028024017:0.00547193100664:0.178437705847:0.0075275708801:0.0953796794539:0.0897220349298:0.358704960617:0.0611666331274:0.137123467169:-0.123584856247:-0.0727870480747:-0.0200661183924:0.2690513171:-0.0795635129922:-0.185213943085:-0.178053127113:-0.100102068029:-0.123256470708:-0.155067831465:-0.206601232911:-0.286419371384:-0.298511235681
NC(=S)Nc1ccccc1,-2.46079207701,0.0521993341291:-0.248337417442:-0.213536283706:-0.274571987162:-0.353314886888:-0.256732383037:-0.0300730079116:-0.25095482535:-0.0743114506205:-0.0393108883434:-0.0748698912794:-0.111591259484:-0.161616854695:-0.247231008927:-0.176539266292
Oc1cc(Cl)cc(Cl)c1Cl,-3.12041158505,0.343703400535:-0.0528929239504:-0.0360500417058:-0.118810560505:-0.283317503145:-0.271095377486:-0.312340838284:-0.15279581901:-0.141264305235:-0.166265174716:-0.269413822729:-0.233051830974:-0.269592748094:-0.136084276626:-0.183282775908:-0.256062294379:-0.247615912338:-0.226155768386:-0.108023012115
O=C1NC(=O)NC(=O)C1(CC)C(C)CC,-2.01812931504,0.155649016662:-0.152395451455:-0.186226556533:-0.0978702952133:0.126683130301:-0.104128637412:-0.0339677669739:-0.0316679259495:0.259555632692:0.0320792902248:0.191776152067:0.00674758215776:0.0785527436831:0.0540051292545:0.292785221903:-0.0693389539323:-0.142035299955:-0.104630661063:-0.0698646661895:-0.204427976931:-0.222340318773:-0.236660879787:-0.257898320048:-0.155506186718:-0.270812849532:-0.316449142162:-0.308750557784:-0.250990767572
CCCCCCCC(=O)C,-3.17673890868,-0.375507780475:-0.451949706953:-0.496619197331:-0.51210560141:-0.490964440223:-0.424799038333:-0.317576520089:-0.218102439815:-0.0622703512935:-0.0424829081093:0.320228511092:-0.0480574570101:-0.0565319787319
NC(=O)c1ccccc1O,-0.719448334437,0.0796304000705:-0.164219134269:-0.102609024974:-0.12679065465:0.185671002317:-0.126180378136:-0.207550425787:-0.0721446272128:-0.0324881264462:-0.0552959104936:-0.0707657571235:-0.0964968289218:-0.160407125155:-0.0608127284905:0.291010984833
C1c2ccccc2c3ccc4ccccc4c13,-6.98622307414,-0.198279810857:-0.111550657368:-0.200918069797:-0.261830225633:-0.249311590892:-0.318205627679:-0.378482545792:-0.445035709923:-0.527562207136:-0.493139522857:-0.438051725211:-0.276879416703:-0.329730411271:-0.387938409475:-0.437991985161:-0.318907292324:-0.279960891823:-0.27503096897:-0.26111043385:-0.247954782095:-0.253538642017:-0.158297805704:-0.161212467578:-0.0872298061391:0.111927932122
CCN2c1cc(N(C)C)cc(C)c1NC(=O)c3cccnc23,-3.98405454932,-0.254229581756:-0.189607375395:-0.0122138133876:-0.258142629287:-0.215877431394:-0.0971321789438:-0.0889493791279:-0.172749322415:-0.101770842279:-0.029569044626:-0.239225850164:-0.309124724536:-0.30649309585:-0.244578406829:-0.177108930113:-0.16656755809:-0.268419429289:-0.203539692667:-0.230513194256:-0.230584384623:-0.219833864983:-0.142270387157:0.121330915447:-0.105734037425:-0.0172240952333:-0.0163997654222:0.336112953667:0.0189885788729:-0.0354885286783:0.0830006362498:0.0462935720883:-0.00884715063335:-0.056126238672:0.0882315011355:-0.103205661067:-0.164518316706:-0.0119677957731
Brc1ccc(Br)cc1,-3.48438469691,-0.318570326156:-0.411475434506:-0.138950805287:-0.0309687269448:-0.0915814393303:-0.225140654223:-0.359622555092:-0.353413692874:-0.435660785466:-0.477422786081:-0.0776332344119:-0.0954357674141:-0.225784160799:-0.242724328321
CC(=O)OCC(=O)C3(O)C(CC4C2CCC1=CC(=O)C=CC1(C)C2(F)C(O)CC34C)OC(C)=O,-3.22236910059,-0.128640877795:-0.0910376792505:0.00835039820318:-0.0196447345728:0.249520211808:-0.0846263007441:0.168596577857:-0.0423783569975:-0.0269423166134:0.0548863996383:0.0373463380155:0.304889846257:0.0163478876278:0.0524414888259:0.200226090503:0.184496506387:0.362263451759:-0.0601659402928:-0.179247337232:-0.134358937019:-0.260585298171:-0.307905333673:-0.288050557097:-0.427645480941:-0.440662747315:-0.468122998:-0.447632473932:-0.412153330961:-0.243189755521:-0.0950052794705:-0.0167706964865:0.0647816657457:0.210277526389:0.209646839843:0.502637287103:0.0820443790979:-0.029743057516:-0.0415458974952:-0.0962223489935:-0.127011201994:-0.0652266055595:0.0126780238844:-0.117636386935:-0.165385634922:-0.132990763482:-0.0812334355153:0.0226659900323:-0.11109785668:-0.0941392694296:-0.102009483576:-0.00179539696109:0.21806337762:-0.182089272089:-0.261510977931:-0.229911357003:-0.0927733258122:-0.127723071827:-0.211842350889:-0.254167601712:0.161047625474:-0.0983590934688:0.0319922388459:0.00778256295661:-0.0271537132395:0.0481219642033:0.392860756453
Oc1ccc(Cl)cc1,-1.78811086789,0.320157846416:-0.0684255374151:-0.0234597068677:-0.080175247896:-0.207105046484:-0.335685843726:-0.282234236807:-0.296988593521:-0.134208456787:-0.110857585204:-0.123473516776:-0.234608308808:-0.211046634011
CNC(=O)Oc1ccccc1OC(C)C,-1.24890617096,-0.118741302025:0.0932347480478:-0.141751541014:-0.0665820500818:-0.0850394930005:0.22509796913:-0.0755496793553:0.218913436879:-0.116072707053:-0.00651437516217:0.0143031092961:-0.0188800579864:-0.0501143391001:-0.0994620577505:-0.196272042032:-0.142955072338:0.178160515238:-0.109858540451:-0.100932189713:-0.194903810038:-0.238206777125:-0.216779915323
C=CC=C,-1.36163576959,-0.184346066758:-0.19821805774:-0.257370428616:-0.276135741645:-0.22844854412:-0.217116930712
CC,-0.385559355357,-0.200687161013:-0.184872194344
c1ccc2c(c1)ccc3c2ccc4c5ccccc5ccc43,-7.79279390036,-0.0897974368153:-0.0216813958048:-0.0470470953302:-0.151125276321:-0.246203004883:-0.2250902186:-0.157431194836:-0.111590211147:-0.206047054486:-0.16044237233:-0.17796399977:-0.202485204647:-0.284339017676:-0.361890156116:-0.278694300892:-0.388732563835:-0.381055100598:-0.333216095423:-0.39057161319:-0.450118532278:-0.378877787602:-0.376800128308:-0.238667233467:-0.321210780456:-0.334453394993:-0.3271492407:-0.309296145748:-0.275693583037:-0.0868040956838:-0.117029111151:-0.138253397649:-0.180102921032:-0.0987755155163:0.0558412799659
ClCCCCl,-2.09970144296,-0.260810149823:-0.187927029639:-0.366486310591:-0.384293045732:-0.370503662535:-0.349412558473:-0.180268686166
CCN(CC)C(=S)SCC(Cl)=C,-3.770569018,-0.199645471415:-0.158484676935:0.00042619447349:-0.259184519752:-0.348597835667:-0.305185834021:-0.265945690137:-0.229994600455:-0.126208012803:-0.18433061308:-0.318843373659:-0.303834298676:-0.294565771187:-0.203975163994:-0.123564476616:0.0235316049506:-0.0915078852592:0.00914878066943:-0.141992917063:-0.132332534789:-0.115481922586
COP(=S)(OC)Oc1ccc(N(=O)=O)c(C)c1,-3.79003328654,-0.173382616043:0.128034114621:-0.254525188056:-0.0996340984362:-0.166545606612:-0.24953865074:-0.210278021713:-0.0842433566289:0.136786550412:-0.129455527717:-0.173910372511:0.107225597779:-0.240194949894:-0.175008231514:-0.20525441781:-0.279134535674:-0.318660069572:-0.138717713793:-0.00685904652793:-0.109297427506:-0.133085137564:0.113609873315:-0.135795176301:-0.138050079759:0.138991148894:-0.105590836922:-0.187148498923:-0.128794255286:-0.13642007455:-0.130602744263:-0.155321999859:-0.149231937385
CCCCCCCO,-2.26196864341,-0.318366334001:-0.37933496254:-0.407493182287:-0.410240699369:-0.386833689651:-0.332739733076:-0.246779905505:0.219819863017
CC1(OC(=O)N(C1=O)c2cc(Cl)cc(Cl)c2)C=C,-3.5144381883,-0.194147262205:-0.192588647561:-0.0783348665905:0.110164149519:0.345780195958:0.0881114986795:0.0909618311971:0.0492583865314:0.309115096015:0.0499194798998:0.133340406397:-0.0247748195861:-0.0817792085854:-0.0309512257218:0.00188295752013:0.263195067516:-0.0833585218391:-0.190640273141:-0.228089186161:-0.196239802736:-0.306433122583:-0.27604099778:-0.300894591498:-0.132086170892:-0.118546205887:-0.137431265628:-0.244946697482:-0.219705357799:-0.25393542239:-0.110657313048:-0.160210500547:-0.212393350547:-0.28225469475:-0.268192901531:-0.266766057932:-0.191775145775:-0.172993647339
CCOP(=S)(OCC)Oc1nc(Cl)c(Cl)cc1Cl,-4.51851542824,-0.278739326384:-0.266636399676:0.0912388975597:-0.284204761597:-0.111813671242:-0.151130353071:-0.212131968209:-0.153054626981:-0.0145660011037:0.229958844677:-0.0303744102153:-0.0377392477425:-0.0298068651362:0.317873383177:-0.0228733041402:-0.046806832878:0.108354397356:-0.170363386311:-0.217465352399:-0.310334109879:-0.194204305905:-0.237869099211:-0.3166376026:-0.274555967709:-0.317351200034:-0.158904957532:-0.16416864919:-0.19684939817:-0.329452696523:-0.312867542747:-0.272953674341:-0.152085240087
CCN2c1nc(C)cc(C)c1NC(=O)c3cccnc23,-3.39343522841,-0.218627115834:-0.15531168026:0.0123710370907:-0.230175143289:-0.19254901689:-0.137107635796:0.0828080777238:-0.16097231675:-0.132574915892:-0.189572097227:-0.191801518198:-0.19532023901:-0.297135037616:-0.238419877844:-0.266701315849:-0.270620527277:-0.268438081481:-0.191377233906:0.0654173835287:-0.158148154659:-0.0680966335981:-0.0607020540146:0.297133749906:-0.00920094610857:-0.0583626467162:0.0666300818546:0.0336748002952:-0.0174554587523:-0.0611748734362:0.0867998010809:-0.101740845684:-0.160327435786:-0.00635735801448
CCOC(C)OCC,-0.600308885378,-0.11404012722:-0.0933846139737:0.29318805226:-0.0447740638448:-0.0236976322817:-0.132345494047:-0.2141292426:0.118705073708:-0.190696696798:-0.199134140581
CCN2c1ccccc1N(C)C(=O)c3ccccc23,-3.95104220504,-0.319654330934:-0.261006506135:-0.0876538557157:-0.32722131364:-0.283043574352:-0.11516125676:-0.0836200899906:-0.110128800331:-0.131692122452:-0.161173639787:-0.219815892735:-0.113677083504:0.0970049341863:-0.0855809851163:-0.141946320024:-0.135770429213:-0.108485726829:-0.0124881436584:-0.053549110218:0.250485928103:-0.105036447397:-0.173582344303:-0.0375663947971:-0.0801860154018:-0.126811192065:-0.174363400164:-0.230301511102:-0.298569050598:-0.266849448485:-0.0535980816188
CCOC(=O)CC,-0.10706139971,-0.0970016726042:-0.0486857911252:0.358021207909:0.0815164242374:0.0628357559807:-0.0229006588993:0.187953587147:-0.198953027783:-0.236957854543:-0.19288937003
CCCCC(CC)CO,-2.69127603571,-0.346796631968:-0.389700004398:-0.397917922709:-0.383734509809:-0.375319251931:-0.238716464362:-0.297236890831:-0.263603892833:-0.229775599869:-0.108082096097:0.339607229101
COP(=S)(OC)Oc1cc(Cl)c(Cl)cc1Cl,-4.15678325955,-0.174499492113:0.139035635438:-0.230072620141:-0.0597047329893:-0.103619231915:-0.171626314617:-0.10970252712:0.031672222331:0.286012459808:0.0169682589944:-0.0225116058642:0.281114390685:-0.0869320084152:-0.0742953913544:-0.153585033141:-0.311567320225:-0.30920675559:-0.341777639186:-0.195716119673:-0.213317719258:-0.290270720445:-0.247421618471:-0.28878319758:-0.135187241183:-0.146583124368:-0.183720438786:-0.320972237334:-0.31048079035:-0.273496345373:-0.156536001319
OC(c1ccc(Cl)cc1)(c2ccc(Cl)cc2)C(Cl)(Cl)Cl,-5.7133973704,0.288031730602:0.0189136743554:0.0613776504372:-0.0805735566199:-0.0324945892996:-0.084711850818:-0.205896328125:-0.336754081148:-0.315358923406:-0.344659717485:-0.187944664462:-0.193961344136:-0.196408885701:-0.284181069567:-0.200043866141:-0.136048133405:-0.0446409569546:-0.176998263901:-0.205091537062:-0.15792104383:-0.232871555391:-0.328608867024:-0.265499134354:-0.278950821934:-0.107473180723:-0.1061717565:-0.110748176292:-0.215851390972:-0.264633311784:-0.207589581767:-0.177693998141:-0.0387620034979:-0.105129755323:0.0388710625005:-0.0597673295468:-0.000818428907186:-0.110971892585:0.000461890470051:-0.144828105099:-0.169324989617:-0.0116702872429
ClC(Cl)(Cl)Cl,-1.72334128942,-0.195288588601:-0.0607290815546:-0.149820660648:-0.0702401596831:-0.150682352088:-0.0269574744588:-0.138701895521:-0.0978673882787:-0.196617073323:-0.0881639808775:-0.223532324717:-0.241631010886:-0.0831092987835
Oc2ncc1nccnc1n2,-0.218872406864,0.193591539386:-0.14345807253:-0.195142660302:0.0866345240253:-0.070744029724:-0.179134028461:-0.0893367724112:0.21325960947:0.0865629153549:0.00393031336617:0.11202482286:-0.0572179133824:-0.0726439706525:0.0618760598559:-0.169074743718
CC2=CC(=O)c1ccccc1C2=O,-2.29843380036,-0.231557525718:-0.2793258578:-0.297420189023:-0.277452901076:-0.294869804641:-0.269508585686:-0.146907429086:-0.134095922798:0.236229138561:-0.08259340114:-0.15667502788:-0.0224615560656:0.0102158440173:-0.0343434309708:-0.0798662940282:-0.134687294727:-0.214705264279:-0.126808077517:-0.0234284651808:-0.0520967753666:0.0075605301494:0.3063644899
ClC(Cl)=C(c1ccc(Cl)cc1)c2ccc(Cl)cc2,-6.45056210822,-0.18336969008:-0.0629037473761:-0.174307529474:-0.119166453332:-0.229789966277:-0.115656654394:-0.253921135117:-0.217033258747:-0.16082548539:-0.0329590722441:-0.149052841482:-0.0786814125617:-0.118446334667:-0.230936648411:-0.353187174698:-0.31306285419:-0.334596577442:-0.168904128819:-0.168848530078:-0.180724137429:-0.272718507802:-0.195377890801:-0.158762764538:-0.203137813558:-0.190171708472:-0.123806410905:-0.197792487531:-0.296415117454:-0.229514674801:-0.247181151179:-0.0786960697568:-0.0769883235345:-0.0879100118161:-0.197134981403:-0.248580562455
CNC(=O)Oc1ccc(N(C)C)c(C)c1,-2.61691276123,-0.0848760880319:0.141329842946:-0.0841054943439:-0.00278957784631:-0.0147449336199:0.295817595212:-0.0263677180037:0.260656457641:-0.0982822443071:-0.0364857556315:-0.0517230452005:-0.132761082214:-0.213489985032:-0.138664402131:-0.0732257575265:-0.276692529651:-0.334109370911:-0.33257999318:-0.265745668036:-0.207235838972:-0.212619669784:-0.132724656248:-0.160144991083:-0.154065709532:-0.156247304663:-0.125034841076
CC(=O)CC(c1ccccc1)c3c(O)c2ccccc2oc3=O,-3.33348797638,0.00985675930783:0.0205305440746:0.0467461927183:-0.050618262305:0.164907326549:-0.26410279147:-0.304483715969:-0.228151280409:-0.0824944632472:-0.198318891552:-0.0979383503068:-0.121058660549:-0.177995315195:-0.215330440884:-0.249008910122:-0.302024067828:-0.177342207598:-0.0778429416812:-0.0836058347202:0.0116785178772:-0.111372392714:-0.0636208931295:0.206750165152:-0.145128052122:-0.257702274292:-0.248019193413:-0.177401926841:-0.190051928559:-0.197260277457:-0.206814804452:-0.221248968925:-0.130350844258:0.267864350915:0.0194803240394:0.0724553859397:0.0479031304763:0.377627016571
O=C1N(COC(=O)CCCC)C(=O)C(N1)(c2ccccc2)c3ccccc3,-4.54366438643,0.228551942836:-0.08333201417:-0.113683194252:-0.0304835515952:0.137623276184:-0.0525648220796:-0.0803413370148:0.261405243581:0.0330343449413:0.0223530300543:-0.0713278133299:0.0775430597968:-0.318559743286:-0.4044874342:-0.368432364071:-0.28930125969:-0.201810423359:-0.112184838657:-0.0300285353939:0.0769072066095:0.049089920434:0.346126737161:-0.00485546741764:0.00531196087855:0.134295717956:0.189109355222:-0.00622842480139:-0.0337145915767:-0.0116359272341:-0.15969282919:-0.201432225538:-0.178653687915:-0.242441623183:-0.304609080108:-0.373235361956:-0.451186105274:-0.413528524395:-0.29154141712:-0.265360376356:-0.0776979668163:-0.0870784943891:-0.125422512792:-0.165040921578:-0.201420173934:-0.232260698777:-0.12144244064
CCCCCCCC#C,-3.98941871762,-0.320320028466:-0.41339504949:-0.485352204037:-0.539389806224:-0.568077045483:-0.5619027792:-0.514873952036:-0.426673546193:0.032846266585:-0.19228057308
CCC1(CCC(C)C)C(=O)NC(=O)NC1=O,-2.69183542955,-0.230412418292:-0.250075103683:-0.285055211023:-0.2347273278:-0.214618537041:-0.408365859296:-0.442438239127:-0.438478193909:-0.302110258373:-0.386085653522:-0.394921914831:-0.343377153647:-0.267649125902:-0.203780751988:-0.0603203308375:-0.0727961565617:0.263496618149:-0.00704397210272:0.160115367951:-0.0164851532866:0.0852780958304:0.0851627836939:0.38549070646:0.117769930604:0.227357043704:0.00696802561643:0.0660722018737:0.113727015953:0.355468141838
CC(C)Cl,-1.31565957663,-0.190297032173:-0.200015824104:-0.101512236726:-0.208301357079:-0.262578933893:-0.263985401614:-0.0889687910426
O=N(=O)c1c(Cl)c(Cl)ccc1,-2.2771345664,0.330987029517:0.107476755243:0.230237856752:0.0513825049917:0.00136363726826:0.277839073404:-0.0275387266305:-0.111725763005:-0.102736386648:-0.185834180515:-0.215173135015:-0.293236058551:-0.167321267282:-0.213063010467:-0.308382964322:-0.270188884819:-0.3182151899:-0.144992944701:-0.123135587526:-0.110600799282:-0.172914771153:-0.27940799002:-0.231953763739
Cc1ccccc1N,-1.39323328753,-0.195828530904:-0.226826085666:-0.079792657599:-0.0777747685535:-0.133314009012:-0.171833639342:-0.205706236262:-0.257538326538:-0.131514946717:0.0868959130672
CCCC(C)(COC(N)=O)COC(N)=O,-1.68331524618,-0.404357289004:-0.427627740141:-0.414592914638:-0.398744537924:-0.249507572224:-0.318378415178:-0.345037671684:-0.183651202236:-0.218619535816:0.165778375597:-0.0697410871492:0.0682972888479:0.150346774442:-0.121970919669:-0.0898713801627:0.218588149717:-0.0618256831145:-0.0563699597005:0.285415215486:0.0811883202348:0.209413107978:0.268212383276:-0.0217161227301:-0.0188493761639:0.27030654578
CC=CC=O,-0.585156073254,-0.19704330014:-0.210981547351:-0.150554808412:-0.135937021601:-0.120858345973:-0.0702220668209:0.300441017044
CC(C)Cc1ccccc1,-3.22850565585,-0.320258839895:-0.346548003549:-0.253370213707:-0.35850258622:-0.363930706795:-0.309045978083:-0.276518690807:-0.108622900823:-0.0826557396627:-0.117882598257:-0.140647770549:-0.169300247603:-0.233766571245:-0.147454808659
CCOP(=S)(CC)Oc1cc(Cl)c(Cl)cc1Cl,-5.10348664966,-0.226656967166:-0.209432530797:0.161764149906:-0.242582036447:-0.10547395402:-0.174943023315:-0.282347275705:-0.246007581852:-0.119362615776:-0.143227783276:-0.10070175502:-0.0775059361987:0.302970058243:-0.0871611673334:-0.0681940153368:-0.141947180386:-0.297712032841:-0.285126447379:-0.318226816614:-0.167750378329:-0.186730135111:-0.25799195825:-0.212115533653:-0.2593913941:-0.105573303888:-0.121820729724:-0.158045021426:-0.296715637348:-0.287620175799:-0.252227049494:-0.135630421226
OCC(O)COC(=O)c1ccccc1Nc2ccnc3cc(Cl)ccc23,-4.64952485658,0.309148266537:0.0732774704179:0.0527877938384:0.128303905121:0.359551475425:-0.0153534549688:-0.0571985389267:0.260873955258:-0.0102509258562:-0.0138658216919:-0.071182390843:0.192457195911:-0.144615859551:-0.23041612223:-0.135572210422:-0.139688441322:-0.202536265958:-0.259111581327:-0.315040347687:-0.382894708958:-0.245699127584:-0.0315630979254:-0.319653675234:-0.299676399799:-0.173464667006:-0.178887942773:0.00889147760978:-0.143467125827:-0.0663283483246:-0.202076290916:-0.36865457568:-0.350977726519:-0.399213273983:-0.219962572892:-0.181268620106:-0.138194473712:-0.187856182076:-0.266503299949:-0.243716230797:-0.039926095852
CCC1(C(C)C)C(=O)NC(=O)NC1=O,-1.97348473348,-0.287089277012:-0.298320850959:-0.314714822259:-0.228848437591:-0.14479457491:-0.310378683109:-0.248523542533:-0.349160318662:-0.36876235405:-0.328858046633:-0.260960357779:-0.211740932626:-0.081575719923:-0.101590906815:0.222209177779:-0.0411713738228:0.124900468092:-0.0477681806314:0.0544703899839:0.0574383985829:0.360793073061:0.0994417706708:0.213558229294:-0.00273962006983:0.0586403993802:0.108805014253:0.353256344806
CCSSCC,-2.25719143701,-0.369854746897:-0.39592722593:-0.437912333848:-0.452562728098:-0.355656083225:-0.245278319012
CCOc1ccc(NC(N)=O)cc1,-2.1232450231,-0.25896514162:-0.21010281018:0.19928848556:-0.196613756684:-0.133781105225:-0.175476235472:-0.276788361442:-0.358562641878:-0.225693043878:-0.0608391294078:-0.211929178433:-0.0327861305118:0.0774583669171:-0.173102123766:-0.108058511571:0.275715470341:0.0357127592657:-0.0172317156327:-0.139952636996:-0.131537582484
CCc1ccc(C)cc1,-2.6671862443,-0.297340404004:-0.251277785317:-0.261966792507:-0.138370476476:-0.166475160725:-0.26815338504:-0.354134721321:-0.222361998092:-0.176451762511:-0.120849230079:-0.0809103778505:-0.177487349532:-0.151406800846
C1Cc2cccc3cccc1c23,-4.45344017549,-0.34749851191:-0.255429662624:-0.266926687289:-0.333816756083:-0.332422523547:-0.299246797926:-0.342797389063:-0.370766508748:-0.361140159783:-0.148675122813:-0.147517930967:-0.182824798437:-0.232129262409:-0.293122178777:-0.183634502988:-0.173204999494:-0.185700573406:0.00341419077083
ClC4=C(Cl)C5(Cl)C3C1CC(C2OC12)C3C4(Cl)C5(Cl)Cl,-4.31524020512,-0.205112840035:-0.0646643365087:-0.161038203287:-0.128152793393:-0.185226173882:-0.261968039245:-0.197736160898:-0.296119024144:-0.155192098036:-0.216380555697:-0.158100988678:-0.00454113750636:-0.028934621917:-0.155871086671:-0.0458249592301:-0.154466677487:-0.153609077094:0.0040412827632:-0.152055395204:-0.0761322735505:-0.0856709340408:-0.0958090242357:0.0173919624444:-0.0679574460229:-0.0501781515506:0.307879196454:-0.0763864492182:-0.0736842851811:-0.0718140395075:-0.128468628781:-0.12045991564:0.0809035901144:-0.0119650363476:0.0138368560109:0.00941405247888:-0.159132274307:-0.0559733767187:-0.147912295395:-0.117746516361:0.0207839309104:-0.0351103032319:-0.178627747751:-0.0664724490874:-0.192117121007:-0.201306799904:-0.0315718395469
CC(=O)Nc1ccc(Br)cc1,-2.33945529118,-0.103338737464:-0.0876899047907:-0.0220581007734:-0.0673324385709:0.23909371999:-0.0898896111314:0.0165260893239:-0.260748617368:-0.129306027978:-0.119036996759:-0.193558374823:-0.288542448762:-0.257805902462:-0.332920842617:-0.368383332189:0.0306447591058:0.00567157893714:-0.139319153111:-0.171460949742
Clc1ccccc1c2ccccc2,-4.71537346019,-0.268675227107:-0.14819295141:-0.248220177026:-0.136071577416:-0.170443845036:-0.252780463834:-0.318349858177:-0.376405043067:-0.442762991882:-0.303324723125:-0.318275982036:-0.277306377705:-0.185293523102:-0.195591278631:-0.210599428231:-0.245337310826:-0.310464176484:-0.3072785251
CC2Nc1cc(Cl)c(cc1C(=O)N2c3ccccc3C)S(N)(=O)=O,-4.30855667478,-0.312837706769:-0.298246017594:-0.21927860131:-0.00204330272735:-0.295840962479:-0.186482384099:-0.211495872722:-0.327564647875:-0.253389284501:-0.267761575226:-0.0833979647533:-0.0306255436714:-0.0103823832924:0.0992607612611:0.0226644286835:-0.105942151271:-0.079146636452:-0.021700439053:-0.00609068770519:-0.0642149829943:0.217712439007:-0.146590751287:-0.0994629623289:-0.35565509383:-0.29985547433:-0.146445023584:-0.213926053569:-0.281880871596:-0.362098263859:-0.449812447967:-0.527964950684:-0.418455778736:-0.383269130054:-0.340751860562:-0.25358697663:0.0675998129127:0.258142361885:0.0997570428438:0.267252350618:0.276405398011:0.589781847309:0.2446200766:0.176832043974:0.427611545629
CC(C)N(C(C)C)C(=O)SCC(=CCl)Cl,-2.89639893769,-0.235898957161:-0.228064869408:-0.101938493443:-0.157493026131:-0.165917240357:0.028216349778:-0.168137131839:-0.258539453528:-0.158371698337:-0.232721543018:-0.232454456803:-0.174706849851:-0.0809024356955:-0.016407884484:0.107721118186:0.0831400661495:0.377207529148:-0.0376910643777:-0.142895838977:-0.0927698843402:-0.0429057571159:0.028256279853:-0.0673976059034:-0.193359668997:-0.230113109175:-0.0885850263964:-0.196986657362:-0.194276185711:-0.0224054423903
Brc1ccccc1Br,-3.12990022646,-0.32986301705:-0.417070408953:-0.132855388914:0.00156511702378:-0.0355598107266:-0.125559804381:-0.200513619263:-0.275477156275:-0.384249433062:-0.359925662419:-0.395586408895:-0.474804633541
C(Cc1ccccc1)c2ccccc2,-4.07956614679,-0.220786976597:-0.116899302348:-0.193626236608:-0.233921517103:-0.125138863032:-0.15266838368:-0.225497851812:-0.279979183142:-0.327716757473:-0.38873762558:-0.255147339781:-0.17667564898:-0.218262773599:-0.17522181012:-0.0843236565615:-0.103545187851:-0.12939641695:-0.173910262402:-0.247313724348:-0.250796628824
CCOP(=S)(OCC)Oc1ccc(cc1)N(=O)=O,-3.98243656977,-0.209316020423:-0.187744116561:0.181792630122:-0.20018590737:-0.0399069981729:-0.0954120175534:-0.181916515777:-0.165230262843:-0.0876411661976:0.10729971332:-0.21283072098:-0.246882370292:-0.261670825922:0.0576600114123:-0.324799231607:-0.261274395309:-0.306455627191:-0.380364707973:-0.417065002783:-0.253578612277:-0.341928063945:-0.42540629112:-0.312707595734:-0.131745312469:0.0761107924636:0.0132777660156:0.0193654824062:0.3091317511:0.0479906883821:0.00576172853826:0.243234628967
O=C1NC(=O)C(N1)(c2ccccc2)c3ccccc3,-3.30771144158,0.222305395306:-0.0533325066656:-0.0559769776777:0.055226782372:0.298336743625:0.0653166969556:0.107586932554:0.0748840416669:0.316914908297:-0.0111049958165:-0.017166922157:0.0922926009222:0.127888341076:-0.0715796180979:-0.104082863173:-0.0883556879469:-0.229213243499:-0.261990829883:-0.229493254954:-0.285049293192:-0.34018286818:-0.402657435118:-0.475137344305:-0.432569009348:-0.305331047871:-0.275574591788:-0.0844797874954:-0.0922870174019:-0.128707008807:-0.167035440902:-0.20258394682:-0.232880848373:-0.121691344885
c1ccc(Cl)cc1C(c2ccc(Cl)cc2)(O)C(=O)OC(C)C,-4.86066647564,-0.076680021614:0.0165723256031:-0.0044059300486:-0.115309812274:-0.246100652521:-0.232972139916:-0.277766232033:-0.139865712232:-0.181203129641:-0.2181678728:-0.355235666766:-0.300761672328:-0.230153555503:-0.132509218613:-0.277984418948:-0.305457064132:-0.278260035417:-0.365922198821:-0.467759114768:-0.379072647284:-0.390478802716:-0.216671201143:-0.18799598502:-0.186044212229:-0.256137659568:-0.248470109319:-0.123575339039:0.0771359398425:0.389879056658:0.148472122241:0.156242847176:0.240269832524:0.2043767262:0.447190698633:0.0513900737581:0.256839646539:-0.0734541550734:-0.0463347340313:-0.152558965643:-0.194250073225:-0.187477412146
CCOc2ccc1nc(sc1c2)S(N)(=O)=O,-3.75542621926,-0.251862607653:-0.205598263849:0.195536914737:-0.202963013274:-0.25519334049:-0.223988410245:-0.286963613004:-0.347998404784:-0.215710354103:0.095866596965:-0.149255834886:-0.171882665059:-0.499508207711:-0.41727715618:-0.348389254701:-0.429730289136:-0.501868210636:-0.390782521005:-0.358800101234:-0.0571743857461:0.131081835928:-0.013709519967:0.126680398928:0.137231556554:0.42163116297:0.114166849092:0.0528014696823:0.298233149546
CCCSCCC,-2.94577009088,-0.363587757915:-0.426357177973:-0.45720516992:-0.505035266999:-0.486513985177:-0.395169090365:-0.311901642531
CN(C)C(=O)Nc1cccc(OC(=O)NC(C)(C)C)c1,-2.96468765311,-0.100484485885:0.0443591481403:-0.14646437904:-0.218413296388:-0.215169004962:-0.194734215019:-0.0968562117329:-0.13519843586:0.180332110926:-0.122916602333:-0.00482848720664:-0.251925203685:-0.0807016841745:-0.0299815353517:-0.0551244693807:-0.0860035390853:-0.127662683643:-0.0140679050328:0.296018493477:0.0847897913618:0.0712334628164:-0.00408701384947:0.238102499382:-0.10581230429:-0.00540975908183:-0.274035286425:-0.162581243193:-0.20166698399:-0.234306040164:-0.14305791003:-0.212057855151:-0.202390037092:-0.147703924902:-0.105349688494:-0.109765038185:-0.0907679355881
CC(C)C(=O)C(C)C,-1.16090936276,-0.24108627668:-0.227307745125:-0.0784843026496:-0.128057062474:-0.102820171716:-0.0432559052852:0.0618402753466:0.0317440095338:0.307676877303:-0.0828662606258:-0.148540919483:-0.0506339186715:-0.137237574395:-0.166626259183:-0.155254128651
C1CCC=CCC1,-2.51664248479,-0.161381332656:-0.139720700843:-0.225925291826:-0.285758926162:-0.33354205368:-0.301492186649:-0.345795211448:-0.31461931301:-0.275401585912:-0.133005882602
Cc1cccc(O)c1,-0.978548764827,-0.217677043596:-0.248215078488:-0.092590437214:-0.0765419824093:-0.121338189571:-0.151205240215:-0.17723043528:-0.0320434250918:0.292458418174:0.0280626695199:-0.0796303235657:-0.10259769709
COc1ccc(Cl)cc1,-2.04201167776,-0.0871763047817:0.286605149324:-0.106322851547:-0.0574413492785:-0.112263515595:-0.234861326324:-0.356336258116:-0.291913370827:-0.299550824201:-0.131009967483:-0.105595695762:-0.116285445123:-0.226857869891:-0.203002048151
CCCCc1c(C)nc(nc1O)N(C)C,-2.54173110742,-0.467557708738:-0.470436291559:-0.425940351705:-0.375164866623:-0.401964715048:-0.303774000381:-0.335484774004:-0.233498786246:-0.207054233371:-0.103143041107:0.222748746969:0.148790132409:0.219094597505:0.328543715074:0.105422702337:0.0923028405147:0.371272199479:0.0295967279242:0.0751514997987:-0.142231565293:-0.220132206829:-0.234546518441:-0.213725210078
ClCC#N,-0.447967404744,-0.281803227413:-0.162841459051:-0.2391604372:-0.156031274367:0.265858739938:0.126010253348
CCCCCCCC,-3.73437161176,-0.326089227329:-0.421663996514:-0.492387145854:-0.540501346331:-0.558291187177:-0.536031561775:-0.47066088058:-0.388746266202
CCc1ccccc1C,-2.28043363553,-0.303470085391:-0.246164250727:-0.242989760424:-0.0860958981485:-0.0839497936662:-0.141747978816:-0.1904062698:-0.248171037188:-0.339357518678:-0.248012579538:-0.150068463153
CCCCN(C)C(=O)Nc1ccc(Cl)c(Cl)c1,-3.95169939825,-0.355282449884:-0.372778824761:-0.339122496851:-0.261295668699:-0.0375304569844:-0.203426575442:-0.244102841055:-0.201219694175:-0.126448889351:0.00763819000832:-7.53748432297e-05:0.347147907851:0.017001043507:0.133160476025:-0.135103762215:-0.0149273138817:-0.0136667952119:-0.114523065265:-0.239293574793:-0.199786958595:-0.246485538541:-0.116523309038:-0.143919575677:-0.212241763781:-0.164912840891:-0.219023559324:-0.0750627130095:-0.114463367273:-0.162020282159:-0.143409323937
CCCCCCCCCCCCCCCO,-5.98798622408,-0.268348102663:-0.338707803945:-0.395400142465:-0.449353193796:-0.500088195384:-0.54283317084:-0.573200936796:-0.587916840466:-0.583857369304:-0.557786315574:-0.507506021805:-0.4334805431:-0.338694784331:-0.225286027262:-0.0963678776792:0.410841101329
c1nccc(C(=O)NN)c1,-1.30449262203,-0.187869368923:-0.10311973702:0.170044085874:-0.0240237561846:-0.15524009539:-0.266486678116:-0.166735452274:-0.179089209811:-0.127295878414:-0.14814225148:0.162242102837:-0.0702757182107:0.126182629617:0.0520159075339:-0.137182358736:-0.150886916384:-0.0986299269473
Oc1c(Cl)ccc(Cl)c1Cl,-3.18637958327,0.350899359061:-0.0640979697671:-0.0933464586315:-0.213745587179:-0.230772417441:-0.304392523808:-0.146399627366:-0.130896724339:-0.133850190458:-0.203220495359:-0.306352575371:-0.253916670445:-0.279235578308:-0.148506565635:-0.188777912103:-0.257996690709:-0.248405442639:-0.225629742335:-0.107735770436
CC(=O)Nc1ccccc1,-1.46627227963,-0.124204860768:-0.11241723255:-0.0476861867012:-0.0931054721118:0.213582790838:-0.103645989143:0.00661205788391:-0.256572723005:-0.0961210182027:-0.0583705508548:-0.0858869847745:-0.116329716239:-0.162896999312:-0.248125766039:-0.181103628652
ICI,-2.52275505791,-0.980071106075:-0.531522291731:-1.01116166011
Clc1cccc(Br)c1,-3.16558535442,-0.294808150631:-0.174186748831:-0.267955338785:-0.130735658866:-0.146811044243:-0.216416447609:-0.279293186566:-0.352694942692:-0.299210471535:-0.361598819687:-0.40611708675:-0.0316323410598:-0.0890550956442:-0.115070021519
c1ccc2cc3c4cccc5cccc(c3cc2c1)c45,-7.23950428594,-0.16037439358:-0.118193345173:-0.177701578426:-0.304562991317:-0.426253454972:-0.414519792071:-0.361602979788:-0.40232809787:-0.267702672235:-0.345804862222:-0.305173108971:-0.330922197424:-0.395084661962:-0.441691767222:-0.457710941772:-0.301355250376:-0.340824408396:-0.337071034046:-0.327713804732:-0.32202278655:-0.138137460784:-0.198092884302:-0.0539036394384:-0.112118710884:-0.211565421931:-0.202272577158:-0.140516020371:-0.0289077676574:0.063486548864:0.0634135627539:0.0971398578454:0.160584356228
CC(C)(C)c1ccc(O)cc1,-2.33721291563,-0.29790480979:-0.308723590661:-0.19899779883:-0.285632431274:-0.322754714939:-0.190954395979:-0.245790444788:-0.240187705463:-0.223713043801:-0.0736436089787:-0.0358164320899:-0.0868409200509:-0.133581715439:0.00999609669122:0.360576816308:0.106358351456:0.0403730468638:-0.100183624332:-0.109791990535
c2cnc1ncncc1n2,-0.220729671454,-0.204510576684:-0.211897040289:-0.110901291294:0.0506639042452:-0.0868484577567:-0.00949529584969:0.267637452925:0.132995854763:0.229659732276:0.0534533151877:-0.101203358339:-0.11120189375:0.0476930700635:-0.166775086953
CN(=O)=O,1.05393587229,-0.0312264729336:0.163210536493:0.079724210124:0.0725114482723:0.372848301986:0.0814155634628:0.0354240821557:0.280028202728
CCOP(=S)(OCC)SCSc1ccc(Cl)cc1,-5.26335279596,-0.177111270332:-0.147191565217:0.251509964898:-0.13050543806:0.0279690985953:-0.0195094613548:-0.116948039108:-0.11556277265:-0.0835191203227:0.0947778167463:-0.302133220386:-0.359039362878:-0.398567435704:-0.477307737692:-0.401622354948:-0.342557678612:-0.289864013169:-0.127882595442:-0.137895689414:-0.245700470424:-0.363724434633:-0.298371941418:-0.309199265978:-0.14383742901:-0.114433365921:-0.116251456196:-0.22253909174:-0.196334465592
CC1(C)C(C=C(Cl)Cl)C1C(=O)OC(C#N)c2ccc(F)c(Oc3ccccc3)c2,-6.85065279692,-0.154299032834:-0.172200412015:-0.0970671129589:-0.0208384432863:-0.164749549933:-0.219030401466:-0.237950912259:-0.110476919666:-0.235737206634:-0.225978382961:-0.285451680535:-0.204291883413:-0.313987919213:-0.198204059238:-0.294053781195:-0.280518898263:-0.0884187981779:-0.13291168108:-0.0819336901083:0.113489905468:0.205335702079:0.262183265701:0.20565385203:0.437862731468:0.0295829999549:0.223348332486:-0.1124539419:-0.086798628433:-0.128242968618:0.246684835255:0.101384407679:-0.277271529039:-0.347525667957:-0.320591407045:-0.216132659695:-0.239800027521:-0.291444578807:-0.216586322921:-0.267048884848:-0.165084440123:-0.222612907873:-0.1415602243:0.148747398654:-0.20326524261:-0.112044282609:-0.182991407306:-0.236351762213:-0.277913986355:-0.305830169931:-0.313901623355:-0.159721669564:-0.133929105581:-0.154573807356:-0.193148216498
NC(=O)CCl,0.00528435029901,0.261478915087:0.0476294200215:0.0931524608161:0.0375428488185:0.250890313593:-0.149363749428:-0.231763577368:-0.224337327957:-0.0799449532843
c1cc(C)cc2c1c3cc4cccc5CCc(c45)c3cc2,-7.17056454083,-0.0356526010902:0.00413871925671:-0.0455174604548:-0.202409202208:-0.210005462728:-0.236677890198:-0.23906407373:-0.245297480031:-0.355710678531:-0.389014695372:-0.37306080035:-0.278312315202:-0.270291387548:-0.128825581767:-0.184822056596:-0.252542344525:-0.209086983578:-0.217128357449:-0.302931011502:-0.404448538339:-0.499224675892:-0.41418036654:-0.422755235565:-0.282930471356:-0.23367773897:-0.0782820077442:-0.18262757513:-0.130381374575:-0.0139896954813:-0.0962763586195:-0.0725333124844:0.0722809904977:0.0139167272966:-0.108663301145:-0.144579943179
CCCC(=O)OC,-0.231253396471,-0.289430487634:-0.249897868283:-0.166489809874:-0.0961892578582:0.0284815018971:0.0258594096969:0.338244155379:-0.0200900811395:0.2374392325:-0.039180191155
ClC(Cl)(Cl)C#N,-1.47114044366,-0.215594227019:-0.0863488522373:-0.178690770952:-0.101360458356:-0.187790578382:-0.0735076428442:-0.189968095229:-0.144616204668:-0.237418904838:-0.121333263417:-0.221293835015:-0.13726751375:0.284199392035:0.139850511009
Oc1ccc(cc1)C2(OC(=O)c3ccccc23)c4ccc(O)cc4,-3.43627238581,0.217238146122:-0.15172416712:-0.0637420967933:-0.0755988419903:-0.131333895808:-0.160994970223:-0.027675486105:-0.089898349185:-0.192716211373:-0.154618890578:-0.0886547667037:-0.044840738809:-0.0230932147778:0.121118288217:0.387287241994:0.0629537647461:0.0362563678358:-0.0218392611376:0.238208171987:-0.142975820369:-0.220374340949:-0.118310325799:-0.201293653922:-0.279068956406:-0.357663500748:-0.439514548019:-0.521247488988:-0.466042414367:-0.192400290376:-0.178291868058:-0.171069283611:-0.0917028279863:-0.0764800753379:-0.120017109678:-0.164012991076:-0.011276566014:0.387742796234:0.116704219327:0.0770604004994:-0.0384602355634:-0.0639085948997
Nc1ccccc1N(=O)=O,-1.24214286364,-0.0777835180004:-0.374663678118:-0.21402982295:-0.213410368071:-0.260062081762:-0.295765697792:-0.327723388569:-0.358571530916:-0.171044228541:0.137290626362:0.0685881296766:0.056514158532:0.362719020958:0.0898076103161:0.0475441975585:0.288447707672
CCCCCCCCC(=O)C,-3.6811762001,-0.35888280539:-0.44536446928:-0.507286297694:-0.547016236591:-0.55600911835:-0.523422772062:-0.442820590314:-0.321333561185:-0.209862714457:-0.0435658605861:-0.0181012188473:0.349849737253:-0.023089987532:-0.0342703050651
c1ccc2ccccc2c1,-3.41835465485,-0.213508578423:-0.138609570749:-0.184809187512:-0.293467206975:-0.379982074876:-0.320945080556:-0.223986450748:-0.228613963037:-0.236645486235:-0.256914585809:-0.296700593591:-0.26175129574:-0.218156177714:-0.164264402885
Clc1ccc(Cl)c(c1)c2cccc(Cl)c2Cl,-6.16298423179,-0.210279512807:-0.0833010645054:-0.167464710358:-0.0671507986185:-0.10864264394:-0.232588757287:-0.368931935408:-0.340304663689:-0.36613176972:-0.202812328184:-0.198935726684:-0.229809859262:-0.165495799246:-0.286915549143:-0.230588151609:-0.220679890408:-0.262963950735:-0.225440276695:-0.126452401228:-0.150210818455:-0.194629029203:-0.266863187028:-0.192950628126:-0.212708811309:-0.077221478586:-0.138198206678:-0.20977293313:-0.272286467524:-0.243869550952:-0.109383331271
Cn1cnc2n(C)c(=O)[nH]c(=O)c12,-1.72160168669,-0.091608678519:0.0739095870285:0.0672644908837:0.0286993909469:0.0379111877345:-0.214473549125:-0.316381418669:-0.103443757346:-0.126981823403:-0.207772302147:-0.234011804334:-0.241957418768:-0.190606698524:-0.202452792448:0.132503817751:-0.117043372446:-0.461116798682:-0.0808560284127:-0.148589776936:-0.101788379577:0.031753216289:0.128366325471:0.132159961836:0.465089775173:0.124283309942:0.00157198629227:-0.0542624162918:-0.0517677204115
COP(=S)(OC)Oc1ccc(cc1Cl)N(=O)=O,-3.85293570165,-0.141132228112:0.171683033147:-0.203911390395:-0.0432293615849:-0.100387567828:-0.182768215838:-0.145681437736:-0.0343298874552:0.188961860967:-0.100350649747:-0.152293440806:0.125155392567:-0.248720501665:-0.196617937164:-0.244207137093:-0.325293554516:-0.379782111223:-0.262174100681:-0.394512676832:-0.538448607552:-0.479137737156:-0.383140536877:-0.230703254648:-0.151865442209:0.0765101726083:0.00970321691964:0.010223718433:0.291500300308:0.0198414641139:-0.0206616448682:0.212834561274
CC12CCC3C(CCc4cc(O)ccc34)C2CCC1=O,-4.86141092719,-0.0479766039249:-0.124738570057:-0.148743115999:-0.257587377554:-0.407141844054:-0.459823310333:-0.443159176007:-0.255952426691:-0.405432110675:-0.296286199039:-0.383637809736:-0.314258459843:-0.276067207386:-0.193675779819:-0.197194390941:-0.253288274152:-0.0958953720598:0.30916693926:0.0637371262221:0.0469709457694:-0.0197452624978:-0.0975093816561:-0.0507157521856:-0.104000887452:-0.184837518395:-0.257114814581:-0.231558230195:-0.219903364345:-0.168007375233:-0.110134237281:0.0372962569267:0.159839559033:0.525963097689
CN(C)C(=O)Oc1cc(C)nn1c2ccccc2,-2.40614367234,-0.204607791242:-0.054255455376:-0.203567212194:-0.262657123565:-0.234936015762:-0.176219466661:-0.0412723918089:-0.0423607327643:0.295914521357:0.0237102326076:0.325418516789:-0.00140420828371:0.0408442617923:0.0286572876814:-0.102883603617:-0.0771526448507:-0.0675548685791:-0.0246940392709:0.144949243678:0.151018713557:0.0537481730269:-0.107098366636:-0.209625752553:-0.172934397321:-0.22091998923:-0.256499022775:-0.297881699887:-0.360840003739:-0.35103983671
O=C1N(COC(=O)C)C(=O)C(N1)(c2ccccc2)c3ccccc3,-4.1229417239,0.17394089713:-0.141853554491:-0.177837829366:-0.106777950623:0.0589114588014:-0.120971682769:-0.155773223878:0.168358928693:-0.0332403135851:-0.0156286400868:-0.0602055082934:0.154674147351:-0.112419900188:-0.0914440633321:-0.0187434238762:0.0458743755332:0.129867107007:0.0810371886443:0.321545179807:-0.024953439591:-0.0290134714196:0.0862257413724:0.132482897108:-0.0619165589603:-0.0887424610976:-0.067367391357:-0.206945132141:-0.24341402064:-0.213087962704:-0.271194569016:-0.32894322901:-0.393818783925:-0.468425415508:-0.428178352168:-0.302690192016:-0.274328790578:-0.0844573990054:-0.0929778368857:-0.129993186289:-0.168621573801:-0.204262063853:-0.234510821874:-0.123120903022
Clc1ccc(c(Cl)c1)c2cc(Cl)ccc2Cl,-6.1676452508,-0.256052543727:-0.13126600421:-0.215208052219:-0.0925724184473:-0.104247445305:-0.178205881372:-0.244715864977:-0.1674358169:-0.301422825946:-0.283474958699:-0.336316348276:-0.199100172175:-0.228678807769:-0.255968946926:-0.183992501122:-0.167572490239:-0.216874445736:-0.226350727915:-0.185716000735:-0.290842321829:-0.237587016973:-0.261160167524:-0.0787545401585:-0.0612837422058:-0.0584358504528:-0.155319397739:-0.292925965841:-0.336878960831:-0.27587389856:-0.143411135982
Clc1ccc(Cl)cc1,-2.90516204119,-0.245056335459:-0.125038819556:-0.215760138067:-0.103704683405:-0.143138385056:-0.259747736059:-0.378491654112:-0.307727486323:-0.314048342133:-0.144448541039:-0.118159833354:-0.121223214493:-0.227765647832:-0.200851224307
Cc1c2ccccc2c(C)c3ccccc13,-5.62876167237,-0.161832009773:-0.211360951255:-0.169466120259:-0.243068947814:-0.259656366732:-0.211502808549:-0.252002818895:-0.291086588674:-0.343976358155:-0.421431160118:-0.4147179473:-0.41316300391:-0.324509199831:-0.340576603108:-0.304732580947:-0.254500329858:-0.0704934198147:-0.0889060817034:-0.128028402963:-0.164096020262:-0.202269879286:-0.26311053582:-0.152688376382:0.0584148390431
Cc1cc(C)c(O)c(C)c1,-2.14048137868,-0.178525892403:-0.219941451947:-0.12361497142:-0.171804610941:-0.301112434523:-0.21500833096:-0.192183332745:-0.146349675742:-0.123292292092:-0.0206183639079:0.276121770092:-0.0256744485067:-0.128304057017:-0.0785296731467:-0.109326155802:-0.118603927435:-0.136278919666:-0.127434610518
FC(F)(F)C(Cl)Br,-2.22403120007,-0.110608369182:-0.0322357631758:0.0558796486082:-0.0351600923472:-0.0317614811944:-0.0259881130878:-0.160646779219:-0.177745923216:-0.232415938204:-0.136367965002:-0.222323397103:-0.127455732809:-0.267741269873:-0.325252637564:-0.394207386695
CCN(CC)C(=S)SSC(=S)N(CC)CC,-4.80693470241,-0.158696415302:-0.121901618506:0.0263801407548:-0.261822909418:-0.367740471:-0.33662501505:-0.316243737526:-0.293973361937:-0.195259239771:-0.253461168321:-0.378428062164:-0.350059075437:-0.303756696862:-0.208078379258:-0.0926177409143:0.0664782434388:0.0382638859841:-0.0515591158145:-0.0165033090752:0.112338537751:-0.11675904685:-0.225655687776:-0.24228498593:-0.265909030631:-0.267081649181:-0.225978793614
CCC(C(CC)c1ccc(O)cc1)c2ccc(O)cc2,-4.41294833281,-0.291484148389:-0.310747148553:-0.323968131606:-0.241378918513:-0.386644470283:-0.310987603844:-0.396594179732:-0.348009172338:-0.30774797775:-0.254785502329:-0.0944027606093:-0.0527815806082:-0.105609569427:-0.163410259038:-0.0366584549638:0.307401905018:0.00848823867978:-0.0796505270746:-0.209538180334:-0.15828313459:-0.115504307256:-0.157531581545:-0.13311190138:-0.0362150873897:-0.0705169746213:-0.118952062739:0.000632804780506:0.338124986053:0.059322038242:-0.0212059692028:-0.16107779863:-0.240120902843
CC(C)OP(=S)(OC(C)C)SCCNS(=O)(=O)c1ccccc1,-4.2343564917,-0.191311804731:-0.189465904304:-0.0822580613285:-0.170502439432:-0.218966006398:0.16551872884:-0.196680957175:-0.00857894530712:-0.0358093993812:-0.0950773649004:-0.0434163428132:0.0627734180292:0.280773944643:-0.0896166323809:-0.108944093926:-0.263070068806:-0.353748737497:-0.410812946402:-0.422707760958:-0.481087397053:-0.409842803464:-0.258596541636:0.0286556768317:-0.209385560433:-0.0407368166562:-0.0021788906711:0.337241887038:0.0473997660396:0.0501883022374:-0.0204457049343:0.244732772133:-0.0792268051287:-0.165041902532:-0.0545339165989:-0.0343484849272:-0.0773113167399:-0.117821745038:-0.169596747882:-0.256843105784:-0.19367578227
CCC(Br)(CC)C(=O)NC(N)=O,-2.76486917189,-0.318837706671:-0.294899975177:-0.274663149324:-0.229311375741:-0.346940267726:-0.468108635756:-0.202865486305:-0.13166471751:-0.243440802897:-0.255652528737:-0.244383498181:-0.214894685979:-0.114270520884:-0.140929539356:0.154613672722:-0.110603048578:0.0659322753675:-0.0769016729671:0.134819156437:0.25171151081:-0.00876582990969:0.00338807916353:0.301799575305
CCCCc1ccccc1,-3.41865788453,-0.484414164657:-0.492077200624:-0.440324461215:-0.368175405743:-0.353364973328:-0.171295446723:-0.142836622788:-0.170882185866:-0.183206421387:-0.200393198118:-0.254209141382:-0.157478662703
Cc1ccc(O)cc1C,-1.14344309787,-0.183594613448:-0.208094720837:-0.06278088694:-0.0472356096728:-0.110638578823:-0.166997712676:-0.0378357341861:0.296254930629:0.0331924512239:-0.054245645941:-0.21663692759:-0.216682287429:-0.168147762181
o1c2ccccc2c3ccccc13,-4.45469316336,0.136444335308:-0.110312258002:-0.242355472953:-0.284912642829:-0.262603275647:-0.319012653617:-0.371511404729:-0.429453977356:-0.492718431912:-0.4331648484:-0.34372244929:-0.148027053471:-0.146962002849:-0.168081765015:-0.192093399647:-0.224200610006:-0.282982608171:-0.172626175374:0.0336035305977
Cc1ccccc1N(=O)=O,-1.43806656933,-0.303703481574:-0.361396315049:-0.209731335243:-0.222707058118:-0.282373509216:-0.320572491491:-0.346653987375:-0.368056953104:-0.171102959755:0.149537562794:0.0848989901593:0.0752763481866:0.379653218454:0.103551731894:0.0594273875068:0.295886282599
OCC2OC(OC1(CO)OC(CO)C(O)C1O)C(O)C(O)C2O,0.232725563137,0.192470114163:-0.0918178507962:-0.147472566392:-0.139419884834:0.213599800194:-0.0653149162316:-0.0270089704557:0.223596122562:-0.0704127192899:-0.0488874603128:0.0519652732049:-0.0184768334509:0.21851584344:-0.0902062201482:0.100014744802:-0.16381068776:-0.12498680372:-0.168595935613:0.0986108572865:-0.158185740547:-0.177199039284:-0.0790068226023:0.134670752722:-0.158495264694:-0.200674482222:-0.0985350488265:0.20600676862:-0.0435874106716:-0.045496556322:0.0675658425277:0.306869288851:0.0452633449075:0.0210424731998:0.102450510173:0.307568002734:-0.0144951995576:-0.0731119719798:-0.06933350078:0.21704771024
CC1=CCCCC1,-2.38336141286,-0.0699959825733:-0.133486461882:-0.13726932791:-0.20393983662:-0.361644807137:-0.396341616791:-0.368795993047:-0.311173577621:-0.270360966126:-0.130352843152
C1OC1c2ccccc2,-1.87412035924,-0.112264672422:-0.0748623597073:0.241588861818:-0.130093135485:-0.0860278376861:-0.163334678607:-0.18545375502:-0.13656211033:-0.166028694769:-0.193508645724:-0.237945978604:-0.312121552902:-0.317505799807
CCCCCCCCCCCC(=O)OC,-4.44534788614,-0.342367312995:-0.433708710648:-0.511494424965:-0.582423282334:-0.64043865654:-0.674720083458:-0.675698520705:-0.637012668098:-0.554921522937:-0.428349221318:-0.266502649392:-0.11942910159:0.0903073451338:0.144634628834:0.524137711152:0.141596926143:0.415939773638:0.105101883937
CN1CC(O)N(C1=O)c2nnc(s2)C(C)(C)C,-2.79467115791,-0.193962879675:-0.0854770654335:-0.231276138236:-0.188838534481:-0.163157566013:-0.0258079054248:0.25760677576:-0.0182151420024:0.0731654764466:-0.0526964771869:-0.109958864448:-0.0494078252529:0.0173774515361:0.304067236726:0.0289789367517:-0.011515053083:-0.0293771483293:0.238280368508:0.321442056423:0.0680922197089:-0.0731583301465:-0.457338157921:-0.327821009317:-0.294093758741:-0.28627848702:-0.153217324822:-0.211031528512:-0.24816205272:-0.157625044956:-0.241877891014:-0.258152965266:-0.23523452977
Nc1ncnc2n(ccc12)C3OC(CO)C(O)C3O,-0.0315836172547,0.155052277134:-0.100132669914:-0.0505159652311:0.193919989742:0.0441605770871:0.0937157903949:-0.121146852583:-0.180624685609:0.098874616018:0.0618574176273:-0.108975591898:-0.255415683345:-0.408128451605:-0.386213836508:-0.354520584465:-0.300470988171:-0.243881567845:-0.0359932728688:0.257633915867:-0.0648920587086:-0.0143876943237:-0.052021284792:0.311103147954:0.0288040864784:0.0314419164188:0.160381250161:0.430254610331:0.0973766393825:0.0735597705861:0.211028383421:0.39657318201
c1(Br)c(Br)cc(Br)cc1,-5.05872241663,-0.101668578901:-0.110628816983:-0.0934055258502:-0.247847101859:-0.369622129569:-0.0580329755322:-0.161526801311:-0.215748941724:-0.375827830237:-0.493919864521:-0.157720842898:-0.201979036121:-0.321573793548:-0.353840267997:-0.464943240639:-0.519615122135:-0.132385510484:-0.14271872862:-0.262818291209:-0.272899016489
CCCCCCCCC(=O)OC,-3.09787185927,-0.406832963528:-0.490801509598:-0.547961195419:-0.581315119945:-0.582775743182:-0.541382655219:-0.450014899045:-0.315027290991:-0.186089974356:0.0092053345899:0.0601719115896:0.440780305163:0.0742396742251:0.358822831238:0.0611094352008
CCCCCCCCCCCCCCCCCCO,-6.97946035479,-0.262204859335:-0.335437093158:-0.392711515137:-0.443938421469:-0.488344950886:-0.522159030505:-0.543736594557:-0.5543251203:-0.556372038559:-0.551535259068:-0.539392198867:-0.517196496538:-0.480833204161:-0.426798364513:-0.354212072303:-0.264808233701:-0.159591199717:-0.0406615490887:0.454797847075
CC(C)Oc1cc(c(Cl)cc1Cl)n2nc(oc2=O)C(C)(C)C,-4.45584356365,-0.244106305871:-0.240466060198:-0.117483005424:-0.191550093533:-0.210237161674:0.209494794559:-0.174230191219:-0.117155764525:-0.146725283002:-0.239134384576:-0.160815250985:-0.303172248252:-0.238462150193:-0.28149411437:-0.138161902046:-0.132536661294:-0.17678235956:-0.317007535124:-0.301585961751:-0.233169990044:-0.0736268905406:-0.0876806161151:0.11695286875:0.0712193666015:0.307490938996:0.127172579408:0.161237406147:0.266875553754:-0.094114431509:-0.215368161933:-0.145168913773:0.156801712462:-0.167846858731:-0.189069387356:-0.0619958074885:-0.119465414359:-0.159470275258:-0.0661597164988:-0.163451854025:-0.189460758284:-0.175933274815
CN(C)C(=O)Nc1ccc(C)c(Cl)c1,-2.75530642267,-0.0771066570504:0.076509936798:-0.104234661109:-0.163341362393:-0.148180941829:-0.115750915397:-0.017729984864:-0.0492583361779:0.27093001394:-0.0547360992046:0.0569213837498:-0.212602158611:-0.0859691849273:-0.0832289966975:-0.172516231183:-0.273401283366:-0.190712185867:-0.192584070598:-0.183143301491:-0.218746001773:-0.163764168592:-0.221750654187:-0.0722906183561:-0.100558447219:-0.14046924346:-0.117592252806
c1(O)cc(O)ccc1CCCCCC,-2.42851727164,-0.0909691755644:-0.0451814680851:0.107433291305:0.367530759922:0.0857449561921:0.0471176814222:-0.0183859824799:0.0724718136994:0.394504340369:0.140766244648:0.0788034958082:-0.0643280372421:-0.274968783859:-0.375689238289:-0.465070987518:-0.517402259354:-0.529011406273:-0.505137565713:-0.449731756837:-0.387013193794
CSCS(=O)CC(CO)NC(=O)C=Cc1c(C)[nH]c(=O)[nH]c1=O,-4.21369286517,-0.305760049099:-0.306997953432:-0.199880012179:-0.1454809908:0.0029452573509:-0.0139149958436:0.243099752247:-0.114388994952:-0.160576272261:-0.147532751538:-0.0287470682302:-0.0591449339716:0.273970081104:-0.0182834747812:0.11870901891:-0.110736702379:-0.0513445992589:-0.106201303443:0.118336796304:-0.233158305944:-0.308434649201:-0.270435365699:-0.235984834355:-0.298265933986:-0.247421247656:-0.304497621363:-0.257267004004:-0.281673634355:-0.278514696692:-0.559457078321:-0.151756865717:-0.227872189691:-0.209464139125:-0.0999958832338:0.00150701793828:0.00109740816331:0.322779371184:0.0537382429294:-0.309341591118:0.0445832464119:-0.0520694048062:-0.0447237366642:0.06904973351:0.107886448719:0.160787715221:0.407141328939
CC(C)NC(=O)N1CC(=O)N(C1=O)c2cc(Cl)cc(Cl)c2,-3.85205934188,-0.338598838192:-0.348169181235:-0.220955946734:-0.286195442404:-0.269637317803:-0.00111610070892:-0.190340434763:-0.079804947878:-0.0779587773598:0.242915632073:-0.0590373449861:0.0179384249856:-0.116800029351:-0.0308033937805:0.0137115058928:0.109617695548:0.092111457977:0.390437537101:0.0995690841044:0.181506814667:0.0222307000966:-0.0471692257815:0.00184559247317:0.0363518430534:0.3100540234:-0.0490977817969:-0.159848405565:-0.199657550944:-0.172317554204:-0.285293021445:-0.252054563349:-0.282837865689:-0.120515656747:-0.112548552584:-0.138190039182:-0.254118372742:-0.231587398114:-0.269442155235:-0.124550755946:-0.168737494536:-0.217452164858:-0.265513339337
CC(=O)CCC1C(=O)N(N(C1=O)c2ccccc2)c3ccccc3,-4.1249475577,-0.165143720887:-0.150228548412:-0.0838118649468:-0.150590909828:0.0835388419975:-0.286708763979:-0.34721967242:-0.320299832679:-0.286120082287:-0.106404894371:-0.0181791587763:0.0588315171088:0.0522212816278:0.398768079344:0.164196998382:0.330027002619:0.239017442938:0.30534248019:0.113097664815:0.0248894633984:0.0433573938916:0.0394386572722:0.279005177144:-0.124689833198:-0.255940323865:-0.274019242532:-0.225717116035:-0.272857290814:-0.324525293372:-0.386415466938:-0.459683170902:-0.419778512542:-0.294626810386:-0.26588523446:-0.0782569336603:-0.0888706781931:-0.127378685965:-0.167984714943:-0.205965214685:-0.238695536568:-0.130682050783
CON(C)C(=O)Nc1ccc(Cl)cc1,-2.10140129731,-0.00826024333499:0.32935614436:0.142763282346:-0.0831465635975:-0.155558605289:-0.14879855789:-0.115182105772:-0.0200158628531:-0.0552929725452:0.240917814136:-0.0714988510094:0.028401781242:-0.24306721784:-0.120052155629:-0.121110961834:-0.212046937806:-0.319135529949:-0.251903015194:-0.267782318984:-0.106368992122:-0.0828263675924:-0.0884116310907:-0.19788394537:-0.17449748369
Cc1cccc2c1Cc3ccccc32,-4.63455380687,-0.144050080866:-0.176165410657:-0.0755682566089:-0.107512406686:-0.208933889904:-0.312982246361:-0.422843099626:-0.442303916986:-0.452702048456:-0.350887612939:-0.256364603807:-0.250348553956:-0.0777579746927:-0.111835805927:-0.155930051317:-0.197562397696:-0.236315970296:-0.275934896503:-0.183058550397:-0.195496033189
c1ccc2c(c1)cc3ccc4cccc5ccc2c3c45,-7.21129534694,-0.0927297677025:-0.0352128827768:-0.0690257785741:-0.180044440746:-0.284475854637:-0.271725930616:-0.218066302337:-0.178141812447:-0.283276496091:-0.235614859312:-0.252315175013:-0.291468103454:-0.349587698881:-0.219539282171:-0.275320747995:-0.340458849805:-0.411076133734:-0.342159645974:-0.335651345544:-0.375709831301:-0.403541475958:-0.403790018909:-0.240815160728:-0.285811025944:-0.307342364266:-0.328907286497:-0.231804389511:-0.110362637783:0.0470937146894:-0.00816202668344:0.0189473074512:0.0848009563149
COc1cc(CC=C)ccc1O,-2.44383661272,-0.0350889842928:0.334915509086:-0.071343523726:-0.0734594991862:-0.182624299163:-0.379150290177:-0.392680738975:-0.465935494004:-0.440914452464:-0.329440555266:-0.232609988911:-0.148768005437:-0.0566360095475:-0.0808724190042:-0.155063703927:-0.0605338946715:0.326369736949
OC1C=CC2C1C3(Cl)C(=C(Cl)C2(Cl)C3(Cl)Cl)Cl,-4.34804924478,0.349498289704:-0.0145550851567:-0.0404736242612:-0.129454003321:-0.193141808084:-0.288453547395:-0.320577129144:-0.290658890406:-0.299750330759:-0.168822686804:-0.119070336676:0.00773864153327:-0.0171982539619:-0.138044913531:-0.0108297724224:-0.0810562446736:-0.0710658229457:0.027321935722:-0.0365806351746:-0.124494495602:-0.0766224282924:-0.189926923596:-0.0732749534313:-0.180432455982:-0.183155817361:-0.160200648884:-0.0664374290454:-0.181395756056:-0.0607664478985:-0.132508754008:-0.0878519499042:0.0764072386981:0.0324764935755:-0.136810164462:-0.0653073680082:-0.217153993304:-0.242393088982:-0.0681185743309:-0.177840203125:-0.182259614459:-0.0148076925625
CSc1nc(nc(n1)N(C)C)N(C)C,-2.16447894026,-0.250116009726:-0.26958111306:-0.221543273372:-0.0855239481261:0.217398296542:0.0755113028092:0.1295538856:0.242819923558:0.0507997673246:0.0301477141819:0.0775358865185:-0.0117527727338:-0.0839129907687:-0.0247135128373:-0.262906441242:-0.323226711685:-0.315246459274:-0.241955279433:-0.168997232175:0.0234270993483:-0.14680124908:-0.217666842269:-0.214586579257:-0.173142401103
CC12CCC3C(CCC4=CC(=O)CCC34C)C2CCC1C(=O)CO,-3.85513896623,-0.0975349995757:-0.163940599864:-0.159080053251:-0.22925558289:-0.334009553112:-0.358390420765:-0.321553065394:-0.127484900387:-0.265507016182:-0.185557964825:-0.31253153625:-0.29344013806:-0.252088752597:-0.136185923601:-0.0960266581516:-0.0597860966565:-0.00367987216935:0.106614018362:0.0823115758716:0.369779204392:-0.100436073055:-0.18949245013:-0.158842713234:-0.10945727874:0.0190367868209:-0.0867376850105:-0.234621554446:-0.344135684649:-0.393716017918:-0.339481845117:-0.347567104884:-0.305469986297:-0.240881526165:-0.00570977460686:0.113247270776:0.221969031737:0.211551440762:0.526133754589:0.15863552264:0.147340634205:0.440844621594
CCC(CC)CO,-1.5499830649,-0.272724643163:-0.278000879808:-0.28101869573:-0.169336503668:-0.250243125458:-0.241648094772:-0.227572090526:-0.127939920005:0.298500888233
CC1OC(CC(O)C1O)OC2C(O)CC(OC2C)OC8C(O)CC(OC7CCC3(C)C(CCC4C3CCC5(C)C(CCC45O)C6=CC(=O)OC6)C7)OC8C,-4.747298234,-0.215375689894:-0.257407409976:-0.157434852144:0.181152719361:-0.157689171373:-0.0999147382123:-0.152236559255:-0.118085673565:0.0299600525263:0.318437283325:0.0127262006145:-0.0237779525571:0.0648345666816:0.359654932093:0.0127353965709:0.211138789412:-0.0659265063692:-0.0760258513393:-0.0356575369987:0.0402254365447:0.272409015791:-0.0833757329575:-0.135815532567:-0.127250677458:-0.0556988686143:0.165643090303:-0.191022620865:-0.236015560241:-0.221700355556:-0.244055236836:0.116130164547:-0.179922585483:-0.261356256104:-0.00980565020604:0.0993912056393:0.384520400836:0.0370623476372:0.0071106193945:0.0235734414172:0.0802774004605:0.327410046223:-0.0768762224178:0.113102320125:-0.267879125374:-0.283607660224:-0.222775812282:-0.0606524430552:-0.093915251278:-0.2227166448:-0.281599999635:-0.301755819315:-0.196161168533:-0.316110309951:-0.317282434229:-0.316815808786:-0.241092385608:-0.349800523521:-0.214755317206:-0.365727673721:-0.34516170863:-0.277490365708:-0.100607399962:-0.118987788844:-0.228388741609:-0.237499749587:-0.228686969959:-0.0582005414839:-0.155180533513:-0.123691305937:-0.0804752553415:0.0265567755609:0.0927735309009:0.274678357426:-0.137597001969:-0.24641818897:-0.258457580595:-0.0485454701831:0.0160380744957:0.0724993829227:0.20059890224:0.20456051144:0.505742122334:0.12555421029:0.344587250206:0.0123581872253:-0.0254257072221:0.140347967127:0.183802646543:0.47555967768:0.0796712764463:0.253120716475:-0.175175549086:-0.362972409742:-0.169205365971
Clc1cccc(c1)N(=O)=O,-2.78040033625,-0.375650496017:-0.275895588648:-0.390830245366:-0.251560095184:-0.28031532599:-0.351935947517:-0.40393692632:-0.434717559058:-0.275946280681:-0.371346221084:-0.263072276115:-0.096892857155:0.115772591268:0.0524939763884:0.0590386289493:0.358208453425:0.0836993614955:0.0397438213922:0.282742649964
CC34CC(=O)C1C(CCC2=CC(=O)CCC12C)C3CCC4(=O),-3.23160428258,-0.286585710816:-0.252483985963:-0.0977082602378:-0.0940011635971:-0.130969153523:-0.119126358697:-0.0125958555814:-0.0187147251975:0.320550128519:-0.0671832139852:-0.137395607721:-0.0605522855275:-0.0791575567835:-0.0272399106508:-0.177525004849:-0.20002152614:-0.202265956174:-0.149281339726:-0.0641575441167:-0.0224926701457:0.0394509857911:0.149701920171:0.125135574515:0.381556224947:-0.0676214706196:-0.164065372023:-0.166164536866:-0.193785853091:-0.156418257594:-0.194127217819:-0.278338465762:-0.351112086468:-0.347556827775:-0.146572741949:-0.232432465086:-0.187284948688:-0.124443096958:0.0167761912353:0.100979610521:0.0531153156024:0.381726490753:0.00878444549221
c1ccncc1,-0.33037537518,-0.124900915252:-0.0139459583461:0.0205634728356:-0.0239076617947:0.160913870852:-0.0117193263034:-0.171272520107:-0.166106337063
C1CCCCCCC1,-3.33806863108,-0.163587565403:-0.176132432531:-0.317383883685:-0.412421610378:-0.458703932259:-0.464802468258:-0.437310274967:-0.383888526411:-0.339863919558:-0.18397401763
Clc1ccc(cc1)c2c(Cl)cccc2Cl,-5.54718097062,-0.280832219429:-0.159760292739:-0.250087626541:-0.122772291857:-0.132870992219:-0.195730101583:-0.241108055338:-0.126120547558:-0.199941031412:-0.298617952618:-0.224310020397:-0.19580269916:-0.256578279396:-0.296252902589:-0.296993591113:-0.257685709596:-0.299094687198:-0.112246876977:-0.0820297239043:-0.0611286980142:-0.114267192733:-0.210343715165:-0.332656366011:-0.36055228281:-0.287025744773:-0.152371369492
CC(=O)CC(c1ccc(Cl)cc1)c2c(O)c3ccccc3oc2=O,-4.48364912643,-0.0267618196799:-0.0114212685939:0.0303679698956:-0.0482797057689:0.188761132427:-0.210057728847:-0.230285385297:-0.148556438388:-0.000871209722699:-0.105735472887:-0.0404881999456:-0.0821851115884:-0.197114424226:-0.318976361263:-0.276924997353:-0.298755209841:-0.135084472708:-0.136201324116:-0.141567208699:-0.238063487536:-0.17971909402:-0.153436657685:-0.205751148637:-0.228864746796:-0.211920251679:-0.134667222498:0.162006107627:-0.144951564199:-0.214291269214:-0.0711307779163:-0.12315587606:-0.173230865135:-0.21182921259:-0.230963645362:-0.221101230272:-0.0341586172519:0.238590891063:-0.0667640448835:-0.137087710035:-0.0451217825925:0.332100315846
c1ccc2c(c1)[nH]c3ccccc32,-3.65471899805,-0.177422300925:-0.0710966581536:-0.085623303522:-0.174625998419:-0.247970702083:-0.207742867928:-0.122385199828:-0.0365023702827:-0.118994122307:-0.107275162698:-0.0813271304469:-0.444116937845:-0.120154497879:-0.270350166112:-0.275808723045:-0.159656676801:0.0393960520155:-0.00234238980716:-0.0659809835808:-0.132240872003:-0.192758170723:-0.247973852128:-0.167399315131:-0.184366648415
CC(C)CC(C)O,-1.51444163496,-0.236122668844:-0.252941963406:-0.159529929194:-0.268490021173:-0.299374591918:-0.264544834904:-0.200487522865:-0.0230024321909:-0.0609008987864:-0.0759896683688:0.326942896687
FC(F)(Cl)C(F)(F)Cl,-1.96591926726,-0.108153991012:-0.045697081219:0.0176038003708:-0.110179275682:-0.151433338939:-0.146836494756:-0.247375375626:-0.116872731448:-0.172769108036:-0.123337370201:0.00525663733354:-0.0582936096312:-0.0330585819747:-0.00897639858832:-0.151803579107:-0.184562936108:-0.234505078049:-0.0949247545834
CCN2c1cc(Cl)ccc1NC(=O)c3cccnc23,-4.16516601492,-0.251993672707:-0.191246392624:-0.0233443357524:-0.278095764297:-0.254716740716:-0.161164464072:-0.195401942744:-0.325612593216:-0.271579938917:-0.304423271671:-0.135785219377:-0.115559826338:-0.121760616611:-0.201088523299:-0.310179706034:-0.224974681123:0.0316166990967:-0.176969355514:-0.105320416562:-0.112188874063:0.221036979608:-0.0698097148662:-0.116045486917:0.0124361589724:-0.0185385063921:-0.0642290649488:-0.102760234783:0.0519815141723:-0.133773356434:-0.187462873964:-0.0282117928291
COCOC,0.365559767406,-0.0167147819339:0.278219286693:-0.033723328907:0.230542781757:-0.0927641902038
CCc1ccccc1CC,-2.55550900513,-0.294208658276:-0.231890885008:-0.222218851134:-0.0631277437372:-0.0603782880284:-0.122197285387:-0.181723238356:-0.257422477898:-0.372942899465:-0.312289224034:-0.235740118627:-0.201369335185
COc1ccccc1N(=O)=O,-1.49292648109,-0.23966542363:0.111575417689:-0.276229543359:-0.185493116159:-0.218528533709:-0.282531973255:-0.323481684475:-0.353442435631:-0.379499530089:-0.19081137256:0.114206364377:0.0426180419299:0.0318328614383:0.323468219903:0.0610741980505:0.0193868124429:0.252595215947
CCCCC(CC)COC(=O)c1ccccc1C(=O)OCC(CC)CCCC,-5.64395021874,-0.318572248392:-0.360284820965:-0.368943304241:-0.35826800718:-0.359004935118:-0.245225768501:-0.332117101432:-0.324516572218:-0.315202390899:-0.231217649207:0.243783494664:-0.0677733120596:-0.0315700002878:-0.0652140706702:0.276805684301:-0.0766928225932:-0.160860370453:-0.0374148915503:-0.0187137246428:-0.06343100957:-0.101063334592:-0.136781445025:-0.178392304186:-0.0197218556316:0.135589437502:0.203222693983:0.174350980384:0.431042920963:0.0328569033293:0.237431025406:-0.105094865316:-0.166951960616:-0.14850551431:-0.301519297792:-0.365911327155:-0.435593792934:-0.488739486139:-0.456332839382:-0.3991594046:-0.34024293161
CCNc1ccccc1,-2.10151099193,-0.33391239853:-0.2468045563:-0.0301253966064:-0.308426632405:-0.139324467557:-0.111165401346:-0.138269834955:-0.159287853041:-0.191832552956:-0.26256330686:-0.179798591368
Oc1c(Br)cc(C#N)cc1Br,-4.05418062685,0.331422003002:-0.0597176727076:-0.0592853282591:-0.162348763761:-0.220605882426:-0.356772710393:-0.446813212304:-0.103393985672:-0.153475207945:-0.294301066654:-0.288068393624:-0.28583318042:0.115184351616:0.0351264928116:-0.237985900691:-0.276569145529:-0.37701648207:-0.369207909191:-0.393980091724:-0.450538540906
CCOC(=O)c1ccccc1C(=O)OCC,-1.93098303905,-0.187549472704:-0.178147520085:0.193612477354:-0.120665199767:-0.125186199507:-0.186358456699:0.114797446657:-0.208876684674:-0.292479683225:-0.155183108277:-0.136164022204:-0.170952546815:-0.199159442801:-0.229000580092:-0.268680202373:-0.108808483421:0.0495676184965:0.113006884354:0.0754445409131:0.318525523192:-0.0574412206206:0.136007889398:-0.149080146355:-0.158212449792
Clc1cccc(c1Cl)c2c(Cl)c(Cl)cc(Cl)c2Cl,-7.28639386832,-0.268123403983:-0.138098026379:-0.217196367473:-0.0793658205253:-0.0816783393831:-0.137786481868:-0.182761962554:-0.234840065762:-0.179140179912:-0.320580316872:-0.312795784831:-0.287592396896:-0.147543723885:-0.189010532899:-0.230132966228:-0.26119183386:-0.271105513681:-0.256096836784:-0.315458043875:-0.160182725802:-0.190773313179:-0.251613223238:-0.200563994533:-0.255021937699:-0.0832247494846:-0.0935349260727:-0.107686957064:-0.215831057907:-0.189514395398:-0.236712214187:-0.0989595833856:-0.169401728759:-0.240986231736:-0.297839876933:-0.261463166037:-0.122585189255
Oc1cccc(Cl)c1,-1.76303634233,0.295420178119:-0.0881265971855:-0.0205164266706:-0.0588655140694:-0.150356024116:-0.24015025602:-0.33583321439:-0.263249312202:-0.270213865366:-0.128358375323:-0.140335139147:-0.190781279733:-0.171670516228
O=N(=O)c1ccc(cc1)N(=O)=O,-1.9854805036,0.294566659839:0.0208475255975:0.101442698676:-0.110892132043:-0.198165391357:0.0539989084319:-0.245792098594:-0.3550040232:-0.252842095059:-0.26732654959:-0.334081167736:-0.373527984889:-0.215568279242:-0.308860679185:-0.39644368982:-0.28538160293:-0.101944355147:0.113068308384:0.0536764560527:0.0579751687154:0.359057533795:0.0849880034545:0.0398034375677:0.280924844681
O=C1CCCCC1,-1.79829876372,0.390608527377:-0.0089230800265:-0.183112452276:-0.21783486688:-0.314889618747:-0.360377079518:-0.351294426944:-0.310333900989:-0.283656886257:-0.158484979461
CCC(CC)C=O,-1.59877686782,-0.299184362371:-0.306941789854:-0.308465645978:-0.186553773685:-0.261415527616:-0.235206674111:-0.194541785167:-0.12131690341:-0.0359581997393:0.350807794108
Cc1cccc(N)c1,-1.73449042271,-0.217841911535:-0.255927775363:-0.117360830078:-0.124046131708:-0.18565990867:-0.224918670035:-0.241845923773:-0.0626556609131:0.0857805396393:-0.11435449588:-0.155765877164:-0.119893777232
O(c1ccccc1)c2ccccc2,-3.27880770254,0.364656832455:0.104111593814:-0.0986580364974:-0.0524838551029:-0.1017522472:-0.187583773114:-0.257916515879:-0.323106401215:-0.400494489328:-0.285031243913:-0.221303037137:-0.277207428316:-0.23918988256:-0.145274701157:-0.161233950143:-0.183835955029:-0.224724106334:-0.293932444561:-0.293848061327
Oc2ccc1ncccc1c2,-2.08621059128,0.258736473476:-0.129413593706:-0.185873133685:-0.156929412552:-0.228531485837:-0.299251739472:-0.1665999035:0.168533108097:-0.00503632009134:-0.103008215958:-0.192763892369:-0.284378640921:-0.20324031314:-0.246034252297:-0.312419269323
Clc1ccc(cc1)N(=O)=O,-2.75442044825,-0.372170634292:-0.274447009019:-0.391300175089:-0.259538581949:-0.291841292427:-0.368404318934:-0.409342330741:-0.23781398702:-0.330502473237:-0.415251168027:-0.297053849517:-0.1113004119:0.110843770994:0.0532384450008:0.0601741884066:0.362373724259:0.0876366028322:0.0435060950239:0.286772957385
CC(O)C(C)(C)C,-0.984545182607,-0.063989778294:-0.0411565733608:0.0586126263437:0.329901490128:-0.074776402073:-0.145792986432:-0.0505938985123:-0.121990065576:-0.173354122869:-0.0937142609239:-0.187263881408:-0.215123355648:-0.205303973982
CCCOCC,-1.08694714139,-0.210043245728:-0.248218359272:-0.259949918031:0.123232839795:-0.232823941112:-0.259144517039
Cc1cc(C)c(C)cc1C,-3.01461554272,-0.148361642997:-0.186338648365:-0.103775069586:-0.161446438611:-0.306329428937:-0.25219332311:-0.252660044755:-0.22516298627:-0.230064996429:-0.132127159406:-0.150303301105:-0.130403508698:-0.119056830057:-0.244261376094:-0.215991769629:-0.15613901867
O2c1cc(C)ccc1N(C)C(=O)c3cc(N)cnc23,-3.33329695144,0.259838649004:-0.0820432395549:-0.140774373832:-0.109114940713:-0.164778189675:-0.292651270952:-0.225537998456:-0.216413908165:-0.164707229499:-0.133370741953:-0.199885481487:-0.305228508509:-0.234736235531:-0.0392437191867:-0.209264378651:-0.25388015653:-0.234509270628:-0.188807933088:-0.0723684742584:-0.0967075498765:0.220834470266:-0.0994811461352:-0.157759535869:-0.0384621149389:-0.0930505529969:-0.162449299058:-0.035086892086:0.105567674737:-0.0493983385611:0.0150944871173:0.1441608108:-0.0282591445243:-0.0954238349655:0.0446014163163
c1cc2ccc3ccc4ccc5ccc6ccc1c7c2c3c4c5c67,-7.18373307761,-0.173439470094:-0.145610417337:-0.223938636712:-0.369079957458:-0.378437302573:-0.331112072662:-0.383566458495:-0.41509505474:-0.250365086926:-0.28096107459:-0.336040230139:-0.402353690612:-0.333370285974:-0.325774531779:-0.370933570491:-0.3959314171:-0.249381275818:-0.296470202272:-0.319535739267:-0.357539893961:-0.29788526758:-0.109190915557:-0.133012835287:-0.185587096905:-0.0402077666079:0.0157562320222:0.299622867893:-0.101875777238:-0.152736610004:-0.103164586025:0.0213343801057:-0.041722022367:-0.00588609752001:-0.0384869778601:0.00680992232685:-0.139722331607:-0.165317001749:0.326475175354
CC(=C)C=C,-1.63344373772,-0.125997042556:-0.126849078102:-0.0752568174268:-0.153717580589:-0.230737812365:-0.276802186548:-0.272805551447:-0.195435591573:-0.175842077114
Clc1cccc(Cl)c1Cl,-3.18843257484,-0.274262738949:-0.148105018999:-0.230309874128:-0.0895956903872:-0.104167450133:-0.178344901647:-0.252005438291:-0.335026242327:-0.252638908884:-0.261942455205:-0.126798650593:-0.163507380749:-0.234574366609:-0.228723697314:-0.210789357518:-0.0976404031059
C1SC(=S)NC1(=O),-1.22600470104,-0.320862796225:-0.24262706302:-0.278521825566:-0.275504729898:-0.171385828974:-0.211698872494:-0.279854115326:-0.182738015479:0.0830759352683:-0.0782269413763:0.0525324375181:0.201204675422:0.125415506516:0.35565917857:-0.00247224597484
O=C2NC(=O)C1(CC1)C(=O)N2,-1.18865563641,0.15499079613:-0.168599579908:-0.200506880104:-0.194357114653:0.0395019674562:-0.160782845913:-0.086523861903:-0.100248953724:0.161957735372:-0.162770735344:-0.226921117357:-0.176635814679:-0.0664773343553:-0.180074430712:-0.204173139226:-0.0786898255629:-0.0139259190812:0.00934947955914:0.0997671519635:0.0747251463864:0.35767417:0.0466769683419:0.0803070920391:-0.192918591139
Oc1ccncc1,0.000399082990932,0.304228312926:-0.0473455318641:0.0141859984698:0.026829880301:-0.0268125873379:0.144460325796:-0.0331583822362:-0.191950366231:-0.190038566832
CC(C)CC(C)(C)C,-2.88391395515,-0.213404867229:-0.230392343342:-0.151220251689:-0.275081109785:-0.331452269821:-0.320837345431:-0.272950435059:-0.117256498049:-0.177892950114:-0.211636899222:-0.0854022737025:-0.164054125703:-0.180434770039:-0.151897815967
CCOC(=O)C=Cc1ccccc1,-2.10076531192,-0.0621278156959:-0.0239410900413:0.371892205197:0.0710912376305:0.0396706538615:-0.0683277411597:0.132473901974:-0.270150023827:-0.348400427371:-0.282837401893:-0.250854398484:-0.26166749113:-0.109185261552:-0.0913146002917:-0.131047554304:-0.160412673206:-0.197211923675:-0.269421425437:-0.188993482513
COc1ccccc1O,-0.513145009441,-0.159678751528:0.216430256648:-0.148083386797:-0.044361523378:-0.0409255995745:-0.0804679071566:-0.102446790608:-0.128800860679:-0.190566329013:-0.0879823400137:0.253738222658
CCC(C)Cl,-1.83235414517,-0.260426649434:-0.260153720977:-0.255352414845:-0.145300537993:-0.248063950839:-0.293245008797:-0.279271895057:-0.0905399672267
OCC(O)CO,1.17025899063,0.291175785954:0.0553218830816:0.0407829234537:0.128095125671:0.37343546624:0.017099281056:-0.00594408962162:0.270292614798
CCC(C)O,-0.566132118402,-0.246322700574:-0.217940632562:-0.180399393193:-0.0293268024859:-0.0755764458212:-0.101602031569:0.285035887804
CCOP(=S)(OCC)Oc1ccc(cc1)S(C)=O,-3.73908184536,-0.215000510486:-0.191230278247:0.184482433227:-0.190764247856:-0.0225251367495:-0.0683313346767:-0.149553333092:-0.125110637275:-0.0448024660273:0.163062673088:-0.159412409724:-0.188982396647:-0.204715125678:0.132757514382:-0.252468718763:-0.188834897669:-0.222799290957:-0.285319552248:-0.318942219219:-0.180507518857:-0.27259874571:-0.382432050652:-0.31669151117:-0.223407146751:-0.244312201335:-0.0264919563825:-0.00445688659315:-0.0322879337802:0.00501534736498:0.287578693116
CNC(=O)Oc1ccccc1C2OCCO2,-1.10524661761,-0.160966075266:0.0431339063815:-0.19292263409:-0.116303783122:-0.138138599206:0.173737271387:-0.10869284836:0.178378855017:-0.148126894127:-0.0308803309708:-0.00902781649551:-0.0436187126425:-0.0771008131737:-0.12555122217:-0.209931146204:-0.149012835162:-0.0897473686512:-0.117623596799:0.214848454388:-0.0617942539007:-0.0737825445583:0.236402674777:-0.0985263046662
O=C1NC(=O)NC(=O)C1(CC)CCC(C)C,-2.53183935661,0.157461522113:-0.149899743279:-0.183086334104:-0.0939851371468:0.131205277823:-0.0994608423579:-0.0296048559121:-0.0267496934597:0.265402812295:0.037986599975:0.200565593185:0.0178979763885:0.0939240319315:0.0767174058751:0.322894643593:-0.0357713406986:-0.108475539261:-0.0820550457095:-0.0750148238081:-0.24352636641:-0.301232470824:-0.353691417211:-0.387483657333:-0.345935005362:-0.319257915075:-0.192074578296:-0.275932339559:-0.291877413271:-0.240780700711
CC12CCC(CC1)C(C)(C)O2,-2.65748766776,-0.177988889597:-0.247571906512:-0.22865805879:-0.288062616256:-0.370623166009:-0.384376821713:-0.364680046705:-0.223423288411:-0.295021672272:-0.300892121207:-0.164936684463:-0.148897228714:-0.138626100146:0.0324760359633:-0.00164318530705:-0.0081720945352:0.145866128042:0.0896888811946:0.0410761537984:0.363661071649:0.0133179422288
BrCBr,-1.3623646427,-0.282200984732:-0.403793433836:-0.115462084981:-0.207862339871:-0.353045799285
C1OC(O)C(O)C(O)C1O,1.29751683209,-0.175819744132:-0.0789157806688:0.265014053959:-0.0114971852492:0.0227289717121:0.242646944016:-0.0361672768515:-0.0493210976238:0.06309184359:0.296490601241:0.0354508074638:0.0118856988082:0.102785420937:0.323547588546:0.0149562657108:-0.0457140731263:0.0214378014132:0.294915992347
CCCCCCCC(=O)OC,-2.5674639882,-0.420944820793:-0.492624604677:-0.530918080685:-0.538872226242:-0.50892432338:-0.431993347064:-0.311270249895:-0.194329699714:-0.00949915611754:0.0357902223275:0.411159079002:0.049272204747:0.334179829743:0.0415111845487
c2ccc1ocnc1c2,-0.990676281375,-0.192852054185:-0.181543917683:-0.107851868498:-0.1591726305:-0.220752693692:-0.0778094923283:0.275306359211:0.00960450677273:0.130265545473:-0.0630798982342:-0.0363671019487:-0.127318804376:-0.239104231387
O=N(=O)c1cc(Cl)c(Cl)cc1,-2.40848361507,0.324594770272:0.0882640797873:0.199571647951:0.0120222344312:-0.0397870007181:0.241060893786:-0.0576736753203:-0.131126689061:-0.0755394075145:-0.119717107001:-0.270145060059:-0.269043309407:-0.31626785451:-0.179518888844:-0.206736622624:-0.286420033764:-0.239939776222:-0.28312715509:-0.118769174723:-0.115431018647:-0.124632626556:-0.232684637607:-0.207437203626
NC(=S)N,-0.584620367185,0.0944796802662:-0.164471006401:-0.105755579644:-0.143993226891:-0.207254497012:-0.122608764072:0.0649830265686
CC(Cl)Cl,-1.30736162563,-0.159244817872:-0.174385658233:-0.0968677612105:-0.216042018789:-0.110554243215:-0.236627657278:-0.243203618438:-0.0704358505937
CC(=C)C1CC=C(C)C(=O)C1,-2.40592832217,-0.137251565211:-0.135641412293:-0.0869553501979:-0.172652495264:-0.263980443781:-0.340093054919:-0.378503066216:-0.266439867443:-0.283710669794:-0.308538768577:-0.24077054669:-0.231781829351:-0.0725939109583:-0.104671465587:-0.0610215716986:0.022180207458:0.145566250766:0.118596744533:0.397132966745:0.0226497180679:-0.0391331972612:0.0116850055039
CCCCBr,-2.22083376836,-0.340450371131:-0.358892497316:-0.348605221365:-0.363149712363:-0.380747339084:-0.428988627104
CN2C(=O)CN=C(c1ccccc1)c3cc(ccc23)N(=O)=O,-3.09746062522,0.023251467645:0.193673818883:-0.00845326584826:0.0930844059344:0.145038094968:0.0974880522533:0.333779758118:-0.071892300841:-0.0986006608291:0.0327637869739:-0.226808437175:-0.197691745529:-0.0780412107203:-0.202353976129:-0.117018112417:-0.156174488653:-0.234360386369:-0.29825094091:-0.362713981202:-0.44779765603:-0.335383350889:-0.257863330569:-0.298761195028:-0.15949667977:-0.237599611642:-0.304567795967:-0.160721622502:-0.278619139203:-0.37169711136:-0.458505654543:-0.412740906861:-0.127638171301:-0.0408430136516:0.219185939938:0.175235156489:0.184151627745:0.531419826505:0.214334865222:0.166904466753:0.436822853288
O=Cc2ccc1OCOc1c2,-0.905019555478,0.112055373286:-0.15353650872:-0.140793607932:-0.196549153902:-0.175541727637:-0.0864940989741:-0.139843035489:-0.224696559225:-0.135027369759:0.256605225248:0.0786856928534:0.35162855187:-0.0261453155497:-0.0474928624509:-0.136410793929:-0.241463365169
CC1(C)C(C=C(Cl)Cl)C1C(=O)OCc2cccc(Oc3ccccc3)c2,-6.1152344023,-0.171693343169:-0.190193237708:-0.110499107817:-0.0244918063665:-0.16427268906:-0.211752982346:-0.219287082513:-0.082296994214:-0.195749591167:-0.174322480941:-0.219450711587:-0.132620185736:-0.230725354659:-0.105722809071:-0.20278070254:-0.190900347306:0.00246113195945:-0.0596243139653:-0.0327233963775:0.135825715507:0.186767343496:0.205867760719:0.116803592188:0.332444878217:-0.105021945592:0.138414430226:-0.162359991166:-0.22224339173:-0.233935727873:-0.187201694633:-0.234651152987:-0.284316905968:-0.3404880319:-0.223732468112:0.0992691908721:-0.237200743162:-0.131047577143:-0.201530850719:-0.257493978946:-0.302499769363:-0.334234726265:-0.346269043809:-0.197617196654:-0.174395682466:-0.199027005488:-0.238713424967
Clc1cc(c(Cl)c(Cl)c1Cl)c2cc(Cl)c(Cl)c(Cl)c2Cl,-8.34155388944,-0.239911260204:-0.112884769281:-0.190515611135:-0.0713391718553:-0.0847566648889:-0.173903116925:-0.117149702102:-0.247025422085:-0.227890376461:-0.273441496153:-0.12328595695:-0.145311589701:-0.206144582673:-0.192240406694:-0.258505205917:-0.127637891943:-0.216885745042:-0.310493977479:-0.311506619064:-0.298346944739:-0.136009721113:-0.185708276279:-0.216864330118:-0.207881228496:-0.170544967742:-0.283972024521:-0.245393818806:-0.279178152122:-0.118296495669:-0.139499210103:-0.195196224462:-0.151999674092:-0.212271503243:-0.0599688209782:-0.105177942001:-0.171447802192:-0.1438345171:-0.211413437383:-0.0767726829023:-0.162062053065:-0.241047207041:-0.301092959438:-0.267265310198:-0.129479019079
Nc1nc[nH]n1,0.0353415358401,0.0990894011549:-0.119872579152:-0.0255106098303:0.262961074429:0.12660788572:-0.329448722685:0.0118050868187:-0.114175062385:-0.125526491964:0.144066639731:0.105344914003
CNC(=O)Oc1cccc2CC(C)(C)Oc12,-2.24594614114,-0.0864588138442:0.134018687285:-0.094151965921:-0.0135078112226:-0.0243466001796:0.288872632295:-0.0213825000219:0.264833552169:-0.0959356538831:-0.0304796015011:-0.0669245972336:-0.175093305223:-0.302232369354:-0.439307984916:-0.476793435355:-0.386869863973:-0.34132205218:-0.174977591452:-0.183566532431:-0.175223838313:0.00485060633816:-0.0191527135849:-0.0235586164403:0.374871971774:-0.0184140747275:-0.082839062636:-0.0808546066098
C2c1ccccc1N(CCF)C(=O)c3ccccc23,-4.04905999136,-0.252036656295:-0.224549310893:-0.194850829568:-0.0635046219423:-0.051170282656:-0.0926666813153:-0.121714639147:-0.153104710113:-0.213257789265:-0.117222258983:0.0708857163461:-0.146947172222:-0.216162776862:-0.211380179387:-0.219003112721:-0.152167164066:-0.157542107243:-0.0694123650906:-0.106010397739:0.212455638869:-0.129010479986:-0.18870471961:-0.0460620435102:-0.0851117754923:-0.128169772901:-0.17228651612:-0.225400928068:-0.291605673707:-0.258305704229:-0.0450406774408
CCCC(O)CC,-1.15279009946,-0.232176776981:-0.214603995358:-0.165264548971:-0.135161926957:-0.0368634871387:0.246380292631:-0.182008556864:-0.234321951742:-0.198769148077
c1ccccc1SC,-1.96255209681,-0.159823160325:-0.0324098421287:-0.039324011361:-0.10379372129:-0.168331763258:-0.249731499125:-0.370014229319:-0.308763318253:-0.312745763096:-0.217614788655
Sc2nc1ccccc1s2,-2.52261350445,-0.256271599235:-0.254191861282:-0.236045492429:0.0580179057218:-0.132681239294:-0.0204555680331:-0.0396143740649:-0.103830951587:-0.146933830068:-0.191880578981:-0.279829412277:-0.258510155825:-0.418972452024:-0.241413895073
CCCOC(=O)C,-0.234014395317,-0.206557904716:-0.18844941081:-0.130332544199:0.300725949231:0.0234915407483:0.0282929758863:-0.0284133338804:0.228774398969:-0.121272058657:-0.140274007889
CCOP(=S)(OCC)N2C(=O)c1ccccc1C2=O,-3.46625626944,-0.246064257476:-0.228606985173:0.132934263512:-0.22776315971:-0.047483667138:-0.0872022437866:-0.15264782743:-0.115929936997:-0.0204412202971:0.167768954539:-0.129863687568:-0.153446047535:-0.178787164927:-0.0696817472712:-0.33473046929:-0.255828428731:-0.175688186733:-0.177547185816:0.141497750412:-0.151336244566:-0.228361503444:-0.0901256855146:-0.0645954480561:-0.105934511247:-0.146347443581:-0.195542229153:-0.269398332778:-0.173734390504:-0.0629190857773:-0.0855495627377:-0.0184822113061:0.285581626638
CCC(C)(C)Cl,-2.0294418151,-0.275170487319:-0.262010277053:-0.239191537092:-0.105851565749:-0.172222063123:-0.213192152847:-0.0986558164446:-0.185486588418:-0.220645874754:-0.219244812852:-0.037770639446
CCC(C)(C)CO,-1.29258056736,-0.304538604827:-0.289376714314:-0.262370319587:-0.115345501965:-0.169509027231:-0.19088686392:-0.0447585280918:-0.101218822752:-0.114420684898:-0.0485264883231:0.348370988545
Oc1cc(Cl)c(Cl)cc1Cl,-3.00042285581,0.362744697328:-0.0261266487414:-0.00631914775688:-0.0849103927918:-0.252170748997:-0.253744451904:-0.303072857467:-0.161013086148:-0.186046627668:-0.262006949356:-0.215491689668:-0.264177313239:-0.108878442488:-0.123805765543:-0.15809886865:-0.29537227791:-0.284493456194:-0.247589017954:-0.129849810661
Nc1cccc(Cl)c1,-2.08739383141,0.0637484573967:-0.224458046077:-0.0830347758719:-0.0858356161302:-0.155642412463:-0.233084683727:-0.322778369035:-0.24249148057:-0.254026598963:-0.112770622531:-0.124346288223:-0.167280117785:-0.14539327743
COC(=O)C,0.494751764549,-0.00513926465277:0.348536847211:0.0998244114398:0.0900842335418:0.0118937870128:0.229479225879:-0.124827185976:-0.155100289907
COC(=O)C=C,0.148981613529,0.000416218928865:0.35800790538:0.115970729995:0.110901720095:0.0283054657204:0.23490080251:-0.130115402761:-0.201861449893:-0.182625137008:-0.184919239439
Cc1occc1C(=O)Nc2ccccc2,-2.13592325914,-0.105895232099:-0.13489773214:-0.00753584698428:0.283744474573:-0.0256956602956:-0.142220039553:-0.238108337355:-0.140737508143:-0.0426437158844:-0.00446131226647:-0.056750013834:0.244511719842:-0.0774265476032:0.0167123216401:-0.265729606096:-0.236969578608:-0.130126630547:-0.136826697287:-0.159120326894:-0.205214584402:-0.281712503424:-0.288819901783
ClC(=C(Cl)Cl)Cl,-2.05089278987,-0.159229078753:-0.0111192494742:-0.0798938174493:-0.0276075153197:-0.0927966697313:-0.168615645342:-0.118012957717:-0.226740879611:-0.117907131675:-0.24234186895:-0.261189353103:-0.0915269475267:-0.198977043172:-0.208220085529:-0.0467145465107
CN(C)C(=O)Nc1ccc(c(Cl)c1)n2nc(oc2=O)C(C)(C)C,-3.55691962435,-0.0758899483722:0.0738350484112:-0.112849802499:-0.17696414883:-0.168205387698:-0.144541042083:-0.0511780381349:-0.0931796962792:0.214874789597:-0.112500244478:-0.0118065518336:-0.286109688969:-0.148080077244:-0.134513597802:-0.195790387483:-0.255654282982:-0.150915875938:-0.294985865137:-0.23744882669:-0.282211648133:-0.158330810636:-0.164546855675:-0.17390743955:-0.128034658219:-0.0399559395641:0.129269625707:0.0712644931348:0.31159093648:0.142466974901:0.184671342252:0.295371642099:-0.0648334062344:-0.187143755954:-0.120353272104:0.185595112861:-0.146934467707:-0.172179067403:-0.0471420141182:-0.108534549848:-0.15075716307:-0.0574314961959:-0.157013753732:-0.184435821621:-0.171500007581
CC(C)C(C(=O)OC(C#N)c1cccc(Oc2ccccc2)c1)c3ccc(OC(F)F)cc3,-5.25418758123,-0.310293609579:-0.316283461143:-0.186189317282:-0.26087089199:-0.244511765206:-0.167433044161:0.0675761834945:0.0460679225091:0.12925357223:0.0972575119297:0.367691902866:-0.0197087538011:0.207393231391:-0.111905845652:-0.0620309137605:-0.0902143824203:0.303438938274:0.177035442697:-0.171239983056:-0.221226719809:-0.101059913324:-0.0762172609922:-0.127251346671:-0.176489487666:-0.238720561094:-0.155701221545:0.150737554331:-0.251845215638:-0.284707290458:-0.240286385005:-0.278000846621:-0.314165298094:-0.358156891605:-0.413972350174:-0.372723617558:-0.255740915316:-0.24812446644:-0.141837067354:-0.0596140751291:-0.0418648236473:0.0936016425291:0.0529132961924:-0.0371666257228:-0.14797058875:-0.092042321015:0.231158675063:-0.0289210060273:0.00293127754781:-0.104819457644:-0.0966643332167:-0.108721627208:-0.0159669261348:-0.0388720197523:-0.123407423835:-0.0883046807812
Fc1ccc(F)cc1,-2.16519399407,-0.220667624547:-0.213069905457:-0.105604703502:-0.116652656801:-0.19170759541:-0.262847803457:-0.175588072659:-0.226373530947:-0.0984415319577:-0.117377983299:-0.227347360077:-0.209515225961
